cell,cycle,test,capacity_mAh,duration_s,start_voltage_V,end_voltage_V,avg_temp_C,n_samples,start_time
Cell1,0,C1ch,724.1209,3508.67,2.7192,4.2,40.05,3510,2014-12-21 20:36:54.621415
Cell1,0,C1dc,739.1109,3606.33,4.1912,2.6998,40.419,3608,2014-12-21 19:36:48.290262
Cell1,0,OCVch,744.9882,64006.65,2.7012,4.1999,39.878,12803,2014-12-23 01:33:39.028253
Cell1,0,OCVdc,739.8197,69148.36,4.1889,2.7001,39.902,13831,2014-12-22 06:21:10.666373
Cell1,100,C1ch,714.535,3462.3,2.7196,4.2,39.994,3464,2014-12-29 00:35:14.049678
Cell1,100,C1dc,730.1929,3563.54,4.1927,2.6999,40.327,3565,2014-12-28 23:35:50.504633
Cell1,100,OCVch,739.179,63498.42,2.7017,4.1998,39.862,12701,2014-12-30 05:23:46.002749
Cell1,100,OCVdc,734.759,68702.87,4.1896,2.7002,39.892,13742,2014-12-29 10:18:43.129300
Cell1,200,C1ch,709.8543,3439.88,2.7198,4.1999,39.993,3441,2015-01-05 04:16:28.819216
Cell1,200,C1dc,725.7467,3542.14,4.193,2.7,40.327,3544,2015-01-05 03:17:26.677485
Cell1,200,OCVch,734.6203,63149.18,2.7015,4.1998,39.919,12631,2015-01-06 08:58:48.902991
Cell1,200,OCVdc,731.3193,68355.66,4.1903,2.7002,39.915,13672,2015-01-05 13:59:33.239969
Cell1,300,C1ch,707.0393,3425.34,2.7206,4.1998,40.007,3427,2015-01-13 19:58:30.269631
Cell1,300,C1dc,722.8432,3528.06,4.1925,2.7,40.322,3530,2015-01-13 18:59:42.204871
Cell1,300,OCVch,730.3265,62506.61,2.7012,4.1996,39.856,12503,2015-01-15 00:39:08.719960
Cell1,300,OCVdc,726.8272,68265.4,4.1907,2.7001,39.883,13655,2015-01-14 05:41:23.317171
Cell1,400,C1ch,702.2343,3402.45,2.7209,4.1998,39.989,3404,2015-01-20 23:14:16.757024
Cell1,400,C1dc,718.3669,3505.89,4.1928,2.7002,40.315,3507,2015-01-20 22:15:50.866304
Cell1,400,OCVch,726.2692,62359.32,2.7013,4.1998,39.901,12473,2015-01-22 03:45:32.051566
Cell1,400,OCVdc,723.9376,67726.77,4.1912,2.7,39.914,13546,2015-01-21 08:56:45.283313
Cell1,500,C1ch,698.844,3386.2,2.7209,4.2001,40.012,3388,2015-01-28 02:18:08.839541
Cell1,500,C1dc,714.9787,3489.71,4.193,2.6998,40.334,3491,2015-01-28 01:19:59.125136
Cell1,500,OCVch,723.1678,61993.31,2.7013,4.1999,39.885,12400,2015-01-29 06:44:45.741467
Cell1,500,OCVdc,720.2153,67461.65,4.1914,2.7001,39.923,13493,2015-01-28 12:00:24.095373
Cell1,600,C1ch,695.4851,3369.94,2.7218,4.1999,39.98,3371,2015-02-04 05:10:46.757127
Cell1,600,C1dc,711.6204,3473.9,4.1929,2.7,40.305,3475,2015-02-04 04:12:52.855290
Cell1,600,OCVch,719.7062,61730.17,2.7013,4.1998,39.888,12347,2015-02-05 09:32:32.544660
Cell1,600,OCVdc,716.9951,67186.12,4.1914,2.7,39.91,13438,2015-02-04 14:52:46.423776
Cell1,700,C1ch,691.6932,3362.65,2.7357,4.1999,40.057,3364,2015-02-11 19:57:03.345832
Cell1,700,C1dc,709.5321,3453.59,4.1924,2.7002,40.36,3455,2015-02-11 18:59:29.700272
Cell1,700,OCVch,716.4238,64398.05,2.7023,4.1999,39.93,12881,2015-02-12 23:31:27.434304
Cell1,700,OCVdc,713.7127,64324.41,4.1916,2.7,39.948,12866,2015-02-12 05:39:22.969172
Cell1,800,C1ch,687.63,3343.05,2.7357,4.1998,40.067,3345,2015-02-18 22:38:15.904401
Cell1,800,C1dc,705.848,3435.61,4.1927,2.7002,40.378,3437,2015-02-18 21:41:00.241403
Cell1,800,OCVch,713.1592,64109.36,2.7022,4.2,39.93,12823,2015-02-20 02:07:45.285269
Cell1,800,OCVdc,710.7083,64047.96,4.1915,2.7,39.959,12811,2015-02-19 08:20:17.278937
Cell1,900,C1ch,684.2488,3326.67,2.7359,4.2,40.056,3328,2015-02-26 01:09:26.735175
Cell1,900,C1dc,702.545,3419.68,4.1927,2.7001,40.385,3421,2015-02-26 00:12:27.004266
Cell1,900,OCVch,709.82,63809.08,2.7022,4.1998,39.958,12763,2015-02-27 04:33:53.628626
Cell1,900,OCVdc,707.4759,63755.17,4.1915,2.6999,39.982,12752,2015-02-26 10:51:18.411030
Cell1,1000,C1ch,681.0607,3311.19,2.7356,4.2,40.015,3313,2015-03-05 03:30:21.285474
Cell1,1000,C1dc,699.4156,3404.67,4.1926,2.6999,40.363,3406,2015-03-05 02:33:36.566142
Cell1,1000,OCVch,706.5767,63517.02,2.7025,4.1999,39.922,12704,2015-03-06 06:49:52.547548
Cell1,1000,OCVdc,704.2876,63470.28,4.1917,2.7002,39.952,12695,2015-03-05 13:12:02.221145
Cell1,1100,C1ch,677.8486,3295.62,2.7353,4.1998,40.085,3297,2015-03-12 05:41:28.618651
Cell1,1100,C1dc,696.2836,3389.44,4.1925,2.6998,40.433,3391,2015-03-12 04:44:59.132792
Cell1,1100,OCVch,703.2462,63218.3,2.7021,4.1997,39.959,12645,2015-03-13 08:56:07.159571
Cell1,1100,OCVdc,701.163,63188.61,4.1917,2.7002,39.982,12639,2015-03-12 15:22:58.495520
Cell1,1200,C1ch,674.7282,3280.45,2.7355,4.1999,40.039,3282,2015-03-19 07:42:16.185124
Cell1,1200,C1dc,693.2673,3374.81,4.1925,2.6999,40.393,3376,2015-03-19 06:46:01.327177
Cell1,1200,OCVch,700.3115,62954.43,2.7023,4.1998,39.962,12592,2015-03-20 10:52:11.400061
Cell1,1200,OCVdc,698.0913,62914.27,4.1917,2.6999,39.914,12584,2015-03-19 17:23:37.082319
Cell1,1300,C1ch,671.5561,3265.05,2.7353,4.1998,40.04,3267,2015-03-26 09:33:55.258574
Cell1,1300,C1dc,690.3688,3360.65,4.1926,2.7,40.391,3362,2015-03-26 08:37:54.553136
Cell1,1300,OCVch,697.2726,62680.25,2.7022,4.1999,39.896,12537,2015-03-27 12:39:23.944068
Cell1,1300,OCVdc,695.1915,62651.91,4.1918,2.6999,39.93,12532,2015-03-26 19:15:11.983936
Cell1,1400,C1ch,668.671,3251.02,2.7356,4.1999,40.04,3252,2015-04-02 11:16:13.764557
Cell1,1400,C1dc,687.6192,3347.31,4.1922,2.7,40.384,3349,2015-04-02 10:20:26.400657
Cell1,1400,OCVch,694.4564,62427.3,2.702,4.2,39.96,12487,2015-04-03 14:17:22.112456
Cell1,1400,OCVdc,692.3929,62400.12,4.1916,2.7002,39.966,12481,2015-04-02 20:57:21.945084
Cell1,1600,C1ch,662.9724,3222.88,2.7353,4.2,0.52,3224,2015-04-17 14:09:58.234427
Cell1,1600,C1dc,681.8263,3318.78,4.1922,2.7001,0.521,3320,2015-04-17 13:14:39.406663
Cell1,1600,OCVch,688.4778,61881.63,2.7023,4.1998,0.52,12378,2015-04-18 17:02:06.925125
Cell1,1600,OCVdc,686.4509,61870.26,4.1915,2.7,0.52,12376,2015-04-17 23:50:56.611366
Cell1,1800,C1ch,656.4622,3191.36,2.7356,4.1998,40.108,3193,2015-05-04 18:58:37.406631
Cell1,1800,C1dc,675.8871,3289.68,4.1915,2.7,40.426,3291,2015-05-04 18:03:47.673670
Cell1,1800,OCVch,682.306,61330.94,2.7022,4.2,39.912,12268,2015-05-05 21:41:24.417464
Cell1,1800,OCVdc,680.4075,61319.95,4.1915,2.7002,39.975,12265,2015-05-05 04:39:24.419771
Cell1,1900,C1ch,653.2752,3175.6,2.7361,4.2001,40.065,3177,2015-05-12 13:34:58.710229
Cell1,1900,C1dc,672.7433,3274.75,4.1913,2.7002,40.362,3276,2015-05-12 12:40:23.905068
Cell1,1900,OCVch,679.2843,61052.4,2.7023,4.2,40.022,12212,2015-05-13 16:13:17.203941
Cell1,1900,OCVdc,677.4004,61057.59,4.1914,2.7002,39.994,12213,2015-05-12 23:15:39.558778
Cell1,2000,C1ch,650.1157,3160.24,2.736,4.1998,39.972,3162,2015-05-20 13:34:19.277029
Cell1,2000,C1dc,669.7318,3260.29,4.1914,2.7002,40.298,3262,2015-05-20 12:39:58.940871
Cell1,2000,OCVch,676.6161,60809.56,2.7022,4.1999,39.866,12163,2015-05-21 16:08:23.370199
Cell1,2000,OCVdc,674.5349,60805.73,4.1915,2.7,39.859,12163,2015-05-20 23:14:57.590176
Cell1,2100,C1ch,647.1105,3145.78,2.736,4.1998,40.037,3147,2015-05-27 14:35:25.576042
Cell1,2100,C1dc,667.4185,3248.77,4.192,2.7,40.364,3250,2015-05-27 13:41:16.757806
Cell1,2100,OCVch,673.7989,60561.5,2.7023,4.1998,39.877,12113,2015-05-28 17:05:30.125461
Cell1,2100,OCVdc,672.0795,60576.14,4.1913,2.7001,39.905,12116,2015-05-28 00:15:53.935884
Cell1,2200,C1ch,644.0549,3130.7,2.7362,4.1999,40.064,3132,2015-06-04 16:33:39.057834
Cell1,2200,C1dc,663.9526,3232.06,4.1909,2.7002,40.378,3234,2015-06-04 15:39:46.947071
Cell1,2200,OCVch,670.7232,60277.96,2.7021,4.1999,39.943,12057,2015-06-05 18:58:47.737926
Cell1,2200,OCVdc,668.7766,60283.86,4.191,2.6999,39.983,12058,2015-06-05 02:14:03.827573
Cell1,2300,C1ch,640.7949,3115.07,2.7362,4.2001,40.094,3117,2015-06-11 17:22:33.258746
Cell1,2300,C1dc,661.4396,3219.61,4.1915,2.7001,40.425,3221,2015-06-11 16:28:53.601477
Cell1,2300,OCVch,667.8806,60029.49,2.7024,4.1999,39.956,12007,2015-06-12 19:43:40.662829
Cell1,2300,OCVdc,666.2936,60053.04,4.1913,2.7002,39.98,12012,2015-06-12 03:02:47.568011
Cell1,2400,C1ch,638.1391,3101.88,2.7362,4.2,40.13,3103,2015-06-19 16:12:40.588227
Cell1,2400,C1dc,658.2324,3204.17,4.1907,2.7,40.456,3206,2015-06-19 15:19:16.365263
Cell1,2400,OCVch,665.2914,59787.37,2.7024,4.1998,39.955,11959,2015-06-20 18:29:24.053246
Cell1,2400,OCVdc,663.3362,59795.33,4.191,2.7001,39.997,11961,2015-06-20 01:52:48.670971
Cell1,2500,C1ch,635.3791,3088.66,2.7364,4.2,40.149,3090,2015-06-26 16:49:00.859070
Cell1,2500,C1dc,656.302,3194.55,4.1912,2.7001,40.485,3196,2015-06-26 15:55:46.259772
Cell1,2500,OCVch,662.6405,59556.13,2.7023,4.1998,40.004,11912,2015-06-27 19:02:08.353133
Cell1,2500,OCVdc,661.0694,59583.17,4.191,2.7002,40.012,11918,2015-06-27 02:29:05.135740
Cell1,2600,C1ch,632.3888,3073.91,2.7367,4.2,40.184,3075,2015-07-06 20:49:55.228034
Cell1,2600,C1dc,652.781,3177.52,4.1903,2.7001,40.519,3179,2015-07-06 19:56:57.656072
Cell1,2600,OCVch,660.0563,59316.58,2.7024,4.2001,39.977,11865,2015-07-07 22:58:24.126574
Cell1,2600,OCVdc,657.9242,59306.13,4.1907,2.7001,40.017,11863,2015-07-07 06:29:57.944774
Cell1,2700,C1ch,629.9572,3062.27,2.7366,4.2,40.147,3064,2015-07-13 21:13:17.624038
Cell1,2700,C1dc,651.2743,3170.15,4.1912,2.7,40.477,3172,2015-07-13 20:20:27.424708
Cell1,2700,OCVch,657.6486,59106.42,2.7022,4.1999,40.027,11822,2015-07-14 23:18:44.859472
Cell1,2700,OCVdc,656.0075,59127.04,4.1911,2.7001,40.041,11826,2015-07-14 06:53:17.769911
Cell1,2800,C1ch,627.344,3049.54,2.7367,4.1999,40.169,3051,2015-07-20 21:39:44.053434
Cell1,2800,C1dc,648.8501,3158.33,4.1909,2.6999,40.519,3160,2015-07-20 20:47:05.669951
Cell1,2800,OCVch,655.3189,58895.62,2.7024,4.1998,39.998,11780,2015-07-21 23:42:00.747546
Cell1,2800,OCVdc,653.861,58935.59,4.1911,2.7002,40.025,11788,2015-07-21 07:19:45.108053
Cell1,2900,C1ch,624.1096,3033.68,2.7375,4.2002,40.115,3035,2015-08-01 19:46:31.816427
Cell1,2900,C1dc,645.0218,3139.89,4.1902,2.7,40.437,3141,2015-08-01 18:54:11.880259
Cell1,2900,OCVch,652.5716,58648.07,2.7024,4.2002,40.015,11731,2015-08-02 21:43:22.150933
Cell1,2900,OCVdc,650.3131,58618.28,4.1906,2.7002,39.995,11725,2015-08-02 05:26:23.821165
Cell1,3000,C1ch,622.4489,3025.74,2.737,4.1998,40.229,3027,2015-08-08 19:50:04.149292
Cell1,3000,C1dc,644.169,3135.47,4.1909,2.7,40.57,3137,2015-08-08 18:57:48.632524
Cell1,3000,OCVch,650.5673,58469.95,2.7024,4.1999,40.063,11695,2015-08-09 21:44:36.785924
Cell1,3000,OCVdc,648.9325,58488.78,4.1911,2.7002,40.088,11699,2015-08-09 05:29:47.950595
Cell1,3100,C1ch,619.9778,3013.65,2.7371,4.1999,40.171,3015,2015-08-15 19:58:28.767205
Cell1,3100,C1dc,642.0892,3125.54,4.1905,2.7,40.508,3127,2015-08-15 19:06:23.175478
Cell1,3100,OCVch,648.4972,58280.42,2.7023,4.2,40.032,11657,2015-08-16 21:50:27.588597
Cell1,3100,OCVdc,647.048,58323.33,4.1907,2.7002,40.053,11666,2015-08-16 05:38:24.205429
Cell1,3200,C1ch,617.3032,3000.54,2.7375,4.1998,40.169,3002,2015-08-24 19:32:25.799833
Cell1,3200,C1dc,638.7729,3109.41,4.19,2.7,40.501,3111,2015-08-24 18:40:36.334271
Cell1,3200,OCVch,646.443,661665.59,2.7024,4.1998,39.96,23198,2015-08-25 21:20:15.767676
Cell1,3200,OCVdc,644.3042,661861.3,4.1907,2.7001,40.0,23207,2015-08-25 05:12:15.510971
Cell1,3300,C1ch,615.3477,2991.05,2.738,4.1998,40.127,2993,2015-08-31 19:17:39.927259
Cell1,3300,C1dc,637.8192,3104.93,4.1903,2.7,40.464,3106,2015-08-31 18:25:54.944050
Cell1,3300,OCVch,644.1468,57884.5,2.7025,4.1998,39.935,11578,2015-09-01 21:03:16.857945
Cell1,3300,OCVdc,642.7386,57940.9,4.1909,2.7001,39.988,11589,2015-09-01 04:57:35.903742
Cell1,3500,C1ch,611.3406,2971.32,2.7379,4.1999,39.993,2973,2015-09-16 15:19:55.897225
Cell1,3500,C1dc,632.203,3077.88,4.1891,2.7001,40.244,3079,2015-09-16 14:28:37.962270
Cell1,3500,OCVch,635.9828,57142.94,2.7026,4.1997,25.023,11430,2015-09-17 16:57:28.604385
Cell1,3500,OCVdc,637.7784,57505.29,4.1903,2.6999,39.434,11503,2015-09-17 00:59:03.267977
Cell1,3600,C1ch,609.7195,2963.61,2.7377,4.1999,40.008,2965,2015-09-23 14:40:30.081079
Cell1,3600,C1dc,631.7445,3075.55,4.1907,2.7001,40.336,3077,2015-09-23 13:49:14.482634
Cell1,3600,OCVch,637.9175,57322.42,2.7025,4.1999,39.891,11466,2015-09-24 16:15:29.174146
Cell1,3600,OCVdc,636.2344,57358.99,4.1909,2.7003,39.9,11473,2015-09-24 00:19:30.129833
Cell1,3700,C1ch,605.1999,2941.6,2.737,4.1999,39.072,2943,2015-09-30 14:13:17.937598
Cell1,3700,C1dc,629.5203,3064.71,4.1906,2.7001,40.501,3066,2015-09-30 13:22:13.174188
Cell1,3700,OCVch,631.9051,56782.05,2.7037,4.1998,24.011,11357,2015-10-01 15:44:18.211995
Cell1,3700,OCVdc,632.9969,57067.28,4.1918,2.7001,23.892,11415,2015-09-30 23:53:10.878431
Cell1,3800,C1ch,604.1349,2936.39,2.738,4.1999,40.105,2938,2015-10-12 18:21:58.356629
Cell1,3800,C1dc,625.4908,3044.96,4.1893,2.7,40.437,3046,2015-10-12 17:31:13.348070
Cell1,3800,OCVch,633.4554,56920.72,2.7022,4.1999,39.923,11386,2015-10-13 19:49:10.094949
Cell1,3800,OCVdc,631.2261,56907.65,4.1902,2.6999,39.939,11383,2015-10-13 04:00:42.398580
Cell1,3900,C1ch,602.8724,2930.41,2.7378,4.1997,40.117,2932,2015-10-19 17:33:16.435010
Cell1,3900,C1dc,625.2583,3043.81,4.1904,2.7,40.453,3045,2015-10-19 16:42:32.570521
Cell1,3900,OCVch,631.5807,56755.58,2.7023,4.1998,39.942,11352,2015-10-20 18:58:35.969976
Cell1,3900,OCVdc,629.992,56792.85,4.1907,2.7001,39.972,11360,2015-10-20 03:12:03.066577
Cell1,4000,C1ch,600.9076,2920.89,2.7381,4.2001,40.165,2922,2015-10-26 16:51:58.808437
Cell1,4000,C1dc,623.5532,3035.39,4.19,2.6999,40.502,3037,2015-10-26 16:01:23.365577
Cell1,4000,OCVch,630.4716,56657.56,2.7022,4.1998,39.994,11333,2015-10-27 18:14:57.285920
Cell1,4000,OCVdc,628.3934,56645.36,4.1902,2.7002,40.016,11330,2015-10-27 02:30:51.871351
Cell1,4100,C1ch,598.2788,2908.04,2.7384,4.2,40.156,2910,2015-11-04 11:38:55.159234
Cell1,4100,C1dc,620.4774,3020.41,4.1888,2.7,40.481,3022,2015-11-04 10:48:34.702071
Cell1,4100,OCVch,628.3129,56462.54,2.7025,4.1996,39.971,11294,2015-11-05 12:58:39.793290
Cell1,4100,OCVdc,626.1841,56446.97,4.1899,2.7001,40.003,11291,2015-11-04 21:17:52.774567
Cell1,4200,C1ch,596.7047,2900.18,2.7386,4.2,40.169,2902,2015-11-11 16:24:06.402029
Cell1,4200,C1dc,619.5187,3015.99,4.189,2.6999,40.493,3017,2015-11-11 15:33:50.365068
Cell1,4200,OCVch,626.3376,56276.32,2.7024,4.1998,39.987,11257,2015-11-12 17:41:50.001316
Cell1,4200,OCVdc,624.6574,56318.5,4.1901,2.7001,40.021,11265,2015-11-12 02:03:11.447768
Cell1,4300,C1ch,594.0871,2887.68,2.7388,4.1999,40.121,2889,2015-11-18 15:17:06.036338
Cell1,4300,C1dc,617.6078,3006.56,4.1891,2.7,40.463,3008,2015-11-18 14:26:59.421213
Cell1,4300,OCVch,624.4982,56119.4,2.7025,4.1999,39.953,11225,2015-11-19 16:32:07.096464
Cell1,4300,OCVdc,622.8298,56146.31,4.1899,2.7001,39.973,11230,2015-11-19 00:56:20.738875
Cell1,4400,C1ch,591.9285,2877.25,2.7391,4.2,40.13,2879,2015-11-25 14:16:31.611644
Cell1,4400,C1dc,615.7262,2997.4,4.189,2.7002,40.464,2999,2015-11-25 13:26:34.163730
Cell1,4400,OCVch,622.9789,55984.92,2.7025,4.1999,39.967,11198,2015-11-26 15:29:09.514610
Cell1,4400,OCVdc,621.1661,55995.26,4.1899,2.7,39.974,11200,2015-11-25 23:55:54.201514
Cell1,4500,C1ch,589.3588,2864.65,2.7392,4.1999,40.125,2866,2015-12-03 13:19:54.906631
Cell1,4500,C1dc,612.7444,2982.86,4.1876,2.7001,40.448,2984,2015-12-03 12:30:11.996267
Cell1,4500,OCVch,621.2923,655516.37,2.7024,4.2,39.917,22308,2015-12-04 14:29:22.686228
Cell1,4500,OCVdc,618.9759,655624.07,4.1892,2.7,39.935,22306,2015-12-03 22:59:21.723768
Cell1,4600,C1ch,588.0833,2858.46,2.7393,4.1998,40.08,2860,2015-12-10 11:58:19.117807
Cell1,4600,C1dc,612.3496,2981.09,4.1886,2.7002,40.412,2983,2015-12-10 11:08:37.981251
Cell1,4600,OCVch,619.7751,55693.21,2.7026,4.2,39.902,11140,2015-12-11 13:06:25.848236
Cell1,4600,OCVdc,618.0012,55714.68,4.1896,2.7,39.919,11144,2015-12-10 21:37:51.115523
Cell1,4800,C1ch,584.2618,2839.89,2.7399,4.2001,40.117,2841,2015-12-26 13:07:43.135998
Cell1,4800,C1dc,608.8768,2964.14,4.188,2.7,40.447,2966,2015-12-26 12:18:18.947811
Cell1,4800,OCVch,616.5883,55407.79,2.7026,4.1999,39.939,11083,2015-12-27 14:11:00.854003
Cell1,4800,OCVdc,614.7694,55421.94,4.1894,2.7,39.956,11085,2015-12-26 22:47:18.862088
Cell1,5000,C1ch,579.5968,2817.05,2.7402,4.1999,40.073,2819,2016-01-19 17:51:32.654230
Cell1,5000,C1dc,604.2869,2942.11,4.1868,2.7,40.39,2944,2016-01-19 17:02:30.492267
Cell1,5000,OCVch,612.9557,55073.55,2.7025,4.1998,39.844,11016,2016-01-20 18:49:08.344610
Cell1,5000,OCVdc,610.6551,55062.24,4.1889,2.7001,39.868,11014,2016-01-20 03:31:26.058378
Cell1,5100,C1ch,577.6718,2807.95,2.7404,4.2001,40.021,2809,2016-01-26 15:25:39.241913
Cell1,5100,C1dc,603.207,2936.72,4.1876,2.6998,40.391,2938,2016-01-26 14:36:42.475494
Cell1,5100,OCVch,611.4479,54944.62,2.7027,4.1997,39.874,10990,2016-01-27 16:21:28.588049
Cell1,5100,OCVdc,609.5565,54953.33,4.1893,2.6999,40.016,10992,2016-01-27 01:05:35.212391
Cell1,5200,C1ch,575.5147,2797.2,2.7404,4.2001,40.356,2799,2016-02-07 17:39:54.722832
Cell1,5200,C1dc,599.8239,2920.55,4.1865,2.7001,40.685,2922,2016-02-07 16:51:14.126463
Cell1,5200,OCVch,609.5336,54762.77,2.7026,4.1997,40.166,10954,2016-02-08 18:31:17.684092
Cell1,5200,OCVdc,606.8922,54725.73,4.1886,2.7001,40.199,10947,2016-02-08 03:19:11.904374
Cell1,5300,C1ch,574.7467,2793.77,2.7404,4.1997,40.36,2795,2016-02-14 14:48:46.913568
Cell1,5300,C1dc,599.8622,2920.51,4.1878,2.7002,40.694,2922,2016-02-14 14:00:06.348339
Cell1,5300,OCVch,607.8799,54623.28,2.7026,4.1997,40.18,10926,2016-02-15 15:38:33.621549
Cell1,5300,OCVdc,605.9157,54629.56,4.1893,2.7,40.201,10927,2016-02-15 00:28:04.008498
Cell1,5400,C1ch,572.8103,2784.38,2.7405,4.1999,40.363,2786,2016-02-21 11:53:45.165370
Cell1,5400,C1dc,598.1587,2912.37,4.1875,2.7001,40.69,2914,2016-02-21 11:05:12.746134
Cell1,5400,OCVch,606.4459,54495.17,2.7024,4.1999,40.217,10900,2016-02-22 12:41:17.455492
Cell1,5400,OCVdc,604.3806,54491.29,4.1889,2.7001,40.216,10899,2016-02-21 21:33:06.114242
Cell1,5500,C1ch,568.9614,2765.62,2.7411,4.2,40.409,2767,2016-03-05 00:34:16.211026
Cell1,5500,C1dc,594.2801,2893.27,4.1858,2.7,40.756,2895,2016-03-04 23:46:02.889463
Cell1,5500,OCVch,604.5365,54323.93,2.7025,4.1999,40.218,10866,2016-03-06 01:18:04.567007
Cell1,5500,OCVdc,601.7465,54251.4,4.1878,2.7002,40.265,10852,2016-03-05 10:13:53.120774
Cell1,5600,C1ch,568.6323,2764.07,2.741,4.2001,40.398,2766,2016-03-11 21:28:13.970675
Cell1,5600,C1dc,594.4676,2894.29,4.187,2.7001,40.749,2896,2016-03-11 20:39:59.627010
Cell1,5600,OCVch,602.7905,54166.3,2.7025,4.1999,40.229,10834,2016-03-12 22:10:27.401009
Cell1,5600,OCVdc,600.7845,54164.06,4.1889,2.7001,40.289,10834,2016-03-12 07:07:43.286389
Cell1,5700,C1ch,566.7898,2755.11,2.7412,4.2001,40.431,2757,2016-03-18 18:17:54.882371
Cell1,5700,C1dc,592.8574,2886.46,4.1871,2.7,40.769,2888,2016-03-18 17:29:48.374904
Cell1,5700,OCVch,601.364,54038.19,2.7023,4.1999,40.236,10809,2016-03-19 18:58:00.095135
Cell1,5700,OCVdc,599.323,54032.76,4.1888,2.7002,40.285,10808,2016-03-19 03:57:27.279833
Cell1,5800,C1ch,564.7711,2745.22,2.7412,4.2001,40.456,2747,2016-03-25 19:48:22.404230
Cell1,5800,C1dc,590.4254,2874.48,4.1854,2.6997,40.781,2876,2016-03-25 19:00:27.870867
Cell1,5800,OCVch,599.8806,53904.39,2.7025,4.1997,40.239,10782,2016-03-26 20:25:51.542694
Cell1,5800,OCVdc,597.4881,53867.2,4.1881,2.7,40.296,10775,2016-03-26 05:28:04.293171
Cell1,5900,C1ch,563.023,2736.78,2.7416,4.1997,40.419,2738,2016-04-01 16:28:51.125861
Cell1,5900,C1dc,589.4471,2869.88,4.1865,2.6998,40.746,2871,2016-04-01 15:41:01.191569
Cell1,5900,OCVch,598.6811,53797.99,2.7026,4.1998,40.283,10761,2016-04-02 17:04:47.268652
Cell1,5900,OCVdc,596.4737,53774.86,4.1884,2.7003,40.302,10756,2016-04-02 02:08:32.360763
Cell1,6000,C1ch,561.532,2729.51,2.7415,4.1999,40.427,2731,2016-04-08 13:06:05.996794
Cell1,6000,C1dc,588.1173,2863.41,4.1866,2.6999,40.767,2865,2016-04-08 12:18:22.535289
Cell1,6000,OCVch,597.6579,53704.43,2.7026,4.2,40.233,10742,2016-04-09 13:40:23.306054
Cell1,6000,OCVdc,595.3056,53672.57,4.1884,2.7,40.263,10736,2016-04-08 22:45:50.689633
Cell1,6100,C1ch,559.024,2716.96,2.742,4.1999,40.473,2718,2016-04-16 15:13:15.220833
Cell1,6100,C1dc,585.5604,2851.13,4.1843,2.7,40.803,2853,2016-04-16 14:25:44.036861
Cell1,6100,OCVch,596.9776,53631.39,2.7025,4.1999,40.278,10728,2016-04-17 15:46:24.367366
Cell1,6100,OCVdc,594.0822,53573.14,4.1874,2.7004,40.303,10716,2016-04-17 00:53:31.174968
Cell1,6200,C1ch,558.9932,2717.06,2.7419,4.1999,40.448,2719,2016-04-23 11:44:51.396359
Cell1,6200,C1dc,585.7464,2851.92,4.1863,2.7002,40.79,2853,2016-04-23 10:57:19.421846
Cell1,6200,OCVch,595.5529,53509.84,2.7026,4.2001,40.215,10703,2016-04-24 12:16:03.260295
Cell1,6200,OCVdc,593.1328,53482.5,4.1883,2.7001,40.26,10698,2016-04-23 21:24:40.708052
Cell1,6300,C1ch,557.2408,2708.53,2.7421,4.1999,40.429,2710,2016-04-30 08:12:05.423870
Cell1,6300,C1dc,584.1518,2844.26,4.1861,2.6998,40.773,2846,2016-04-30 07:24:41.116546
Cell1,6300,OCVch,594.1376,53383.66,2.7026,4.1999,40.233,10678,2016-05-01 08:41:14.693370
Cell1,6300,OCVdc,591.7481,53355.84,4.1879,2.7003,40.283,10672,2016-04-30 17:51:58.803696
Cell1,6400,C1ch,554.0353,2692.9,2.7427,4.2,40.509,2694,2016-05-09 12:11:39.001429
Cell1,6400,C1dc,581.2758,2829.97,4.1838,2.6998,40.832,2831,2016-05-09 11:24:28.980861
Cell1,6400,OCVch,593.3145,53311.96,2.7026,4.2001,40.32,10664,2016-05-10 12:39:12.394432
Cell1,6400,OCVdc,590.3401,53222.75,4.1867,2.7001,40.349,10646,2016-05-09 21:52:09.589764
Cell1,6500,C1ch,554.4327,2694.8,2.7426,4.2,40.472,2696,2016-05-16 08:32:19.931515
Cell1,6500,C1dc,581.6548,2832.08,4.1858,2.6999,40.822,2834,2016-05-16 07:45:07.798174
Cell1,6500,OCVch,591.5855,53152.34,2.7028,4.1997,40.295,10632,2016-05-17 08:57:35.409092
Cell1,6500,OCVdc,589.098,53117.59,4.1875,2.7001,40.334,10625,2016-05-16 18:12:17.771597
Cell1,6600,C1ch,552.5937,2685.78,2.7427,4.1998,40.479,2687,2016-05-23 04:47:34.191385
Cell1,6600,C1dc,580.0334,2824.25,4.1856,2.6999,40.827,2826,2016-05-23 04:00:29.886628
Cell1,6600,OCVch,590.1599,53022.97,2.7025,4.1998,40.324,10606,2016-05-24 05:10:56.720782
Cell1,6600,OCVdc,587.7643,52997.45,4.1879,2.7001,40.347,10601,2016-05-23 14:27:39.216592
Cell1,6700,C1ch,550.9885,2677.64,2.7427,4.2,40.445,2679,2016-06-09 12:19:07.638826
Cell1,6700,C1dc,577.6339,2812.69,4.1837,2.6999,40.744,2814,2016-06-09 11:32:14.895865
Cell1,6700,OCVch,588.8961,52897.12,2.7027,4.1999,40.298,10581,2016-06-10 12:39:23.112308
Cell1,6700,OCVdc,585.797,52830.42,4.1864,2.7001,40.318,10568,2016-06-09 21:58:52.638171
Cell1,6800,C1ch,550.4594,2675.27,2.7427,4.1999,40.435,2677,2016-06-16 08:24:20.165861
Cell1,6800,C1dc,577.5894,2812.41,4.186,2.7,40.769,2814,2016-06-16 07:37:27.702299
Cell1,6800,OCVch,586.6435,52700.61,2.7027,4.1999,40.277,10541,2016-06-17 08:41:50.103407
Cell1,6800,OCVdc,584.2053,52682.44,4.1881,2.7,40.3,10538,2016-06-16 18:03:47.610182
Cell1,6900,C1ch,549.1351,2668.83,2.743,4.2001,40.463,2670,2016-06-23 04:23:20.752497
Cell1,6900,C1dc,576.4168,2806.69,4.1859,2.7002,40.809,2808,2016-06-23 03:36:34.012913
Cell1,6900,OCVch,585.5049,52597.44,2.7026,4.1997,40.274,10521,2016-06-24 04:39:14.951526
Cell1,6900,OCVdc,583.1104,52583.38,4.1882,2.7001,40.312,10518,2016-06-23 14:02:51.521151
Cell1,7000,C1ch,545.1952,2649.53,2.7436,4.1999,40.42,2651,2016-07-04 17:30:13.830439
Cell1,7000,C1dc,573.098,2790.55,4.1833,2.7001,40.749,2792,2016-07-04 16:43:43.234068
Cell1,7000,OCVch,584.6999,52523.55,2.7029,4.2,40.254,10506,2016-07-05 17:44:39.166833
Cell1,7000,OCVdc,581.5814,52449.73,4.1862,2.6999,40.245,10491,2016-07-05 03:10:29.382776
Cell1,7100,C1ch,545.1952,2649.53,2.7436,4.1999,40.42,2651,2016-07-04 17:30:13.830439
Cell1,7100,C1dc,573.098,2790.55,4.1833,2.7001,40.749,2792,2016-07-04 16:43:43.234068
Cell1,7100,OCVch,584.6999,52523.55,2.7029,4.2,40.254,10506,2016-07-05 17:44:39.166833
Cell1,7100,OCVdc,581.5814,52449.73,4.1862,2.6999,40.245,10491,2016-07-05 03:10:29.382776
Cell1,7200,C1ch,545.203,2649.67,2.7434,4.1999,40.485,2651,2016-07-11 14:43:28.720454
Cell1,7200,C1dc,574.9715,2799.69,4.1897,2.6999,40.781,2801,2016-07-11 13:56:48.977292
Cell1,7200,OCVch,582.5792,52333.56,2.7027,4.2,40.278,10468,2016-07-12 14:55:25.649084
Cell1,7200,OCVdc,580.331,52334.78,4.1881,2.7002,40.301,10468,2016-07-12 00:23:10.821575
Cell1,7300,C1ch,543.6705,2642.28,2.7439,4.1997,40.49,2644,2016-07-18 10:30:48.065933
Cell1,7300,C1dc,572.0376,2785.32,4.1856,2.7001,40.805,2787,2016-07-18 09:44:22.699136
Cell1,7300,OCVch,581.3877,52230.21,2.7027,4.2001,40.362,10447,2016-07-19 10:40:56.995209
Cell1,7300,OCVdc,578.9974,52207.95,4.1877,2.7003,40.352,10443,2016-07-18 20:10:48.994803
Cell1,7400,C1ch,541.9179,2633.77,2.7439,4.2001,40.465,2635,2016-07-25 06:15:20.247030
Cell1,7400,C1dc,570.4366,2777.62,4.1853,2.7001,40.812,2779,2016-07-25 05:29:02.579397
Cell1,7400,OCVch,580.6797,52163.29,2.7027,4.1999,40.271,10434,2016-07-26 06:23:40.615107
Cell1,7400,OCVdc,577.6537,52092.53,4.1875,2.7001,40.309,10420,2016-07-25 15:55:28.035429
Cell1,7500,C1ch,539.6734,2622.8,2.7449,4.1999,40.476,2624,2016-08-01 11:43:14.486424
Cell1,7500,C1dc,568.2679,2766.97,4.1831,2.6998,40.806,2768,2016-08-01 10:57:07.470664
Cell1,7500,OCVch,579.3607,52046.1,2.7026,4.1999,40.268,10411,2016-08-02 11:50:25.302121
Cell1,7500,OCVdc,576.4477,51983.92,4.187,2.7,40.262,10398,2016-08-01 21:24:01.334568
Cell1,7600,C1ch,538.7682,2618.46,2.7445,4.1999,40.469,2620,2016-08-08 07:21:24.935624
Cell1,7600,C1dc,567.7929,2764.69,4.1849,2.7002,40.789,2766,2016-08-08 06:35:20.194203
Cell1,7600,OCVch,578.1088,51933.01,2.7028,4.2,40.248,10388,2016-08-09 07:26:39.222674
Cell1,7600,OCVdc,575.4277,51890.04,4.1876,2.6999,40.294,10379,2016-08-08 17:01:49.136275
Cell1,7700,C1ch,537.5785,2612.67,2.7446,4.2,40.484,2614,2016-08-15 02:55:50.752338
Cell1,7700,C1dc,566.7532,2759.6,4.1848,2.6998,40.791,2761,2016-08-15 02:09:51.102882
Cell1,7700,OCVch,577.1273,51847.76,2.7027,4.1998,40.287,10371,2016-08-16 02:59:51.178593
Cell1,7700,OCVdc,574.6127,51812.6,4.1871,2.7002,40.313,10364,2016-08-15 12:36:18.532511
Cell1,7800,C1ch,534.7155,2598.71,2.7454,4.1998,40.479,2600,2016-08-22 16:57:27.054836
Cell1,7800,C1dc,564.2266,2747.17,4.182,2.7001,40.765,2749,2016-08-22 16:11:39.837470
Cell1,7800,OCVch,576.5465,51795.97,2.7028,4.1999,40.31,10361,2016-08-23 17:00:54.586782
Cell1,7800,OCVdc,573.6206,51726.44,4.1862,2.7002,40.29,10347,2016-08-23 02:38:48.096177
Cell1,7900,C1ch,534.7317,2598.87,2.7451,4.1998,40.462,2600,2016-08-29 12:28:02.957186
Cell1,7900,C1dc,564.3177,2747.77,4.1845,2.7,40.771,2749,2016-08-29 11:42:15.138345
Cell1,7900,OCVch,575.0279,51658.67,2.7028,4.1997,40.314,10333,2016-08-30 12:29:03.699745
Cell1,7900,OCVdc,572.4335,51618.56,4.187,2.7002,40.319,10325,2016-08-29 22:08:45.085219
Cell1,8000,C1ch,533.2962,2591.84,2.7453,4.1997,40.443,2593,2016-09-05 07:53:24.783569
Cell1,8000,C1dc,563.0465,2741.67,4.1842,2.7001,40.752,2743,2016-09-05 07:07:43.062291
Cell1,8000,OCVch,573.9215,51556.82,2.7027,4.1998,40.287,10312,2016-09-06 07:52:50.521826
Cell1,8000,OCVdc,571.2954,51519.47,4.1868,2.7,40.298,10305,2016-09-05 17:34:10.996925
Cell1,8100,C1ch,529.4571,2573.09,2.7461,4.2001,40.513,2575,2016-09-13 15:41:23.938830
Cell1,8100,C1dc,560.0136,2726.64,4.1816,2.7002,40.809,2728,2016-09-13 14:55:57.248661
Cell1,8100,OCVch,573.38,51509.1,2.7029,4.1995,40.331,10303,2016-09-14 15:40:17.467435
Cell1,8100,OCVdc,570.2712,51424.34,4.1855,2.7001,40.327,10286,2016-09-14 01:23:13.072968
Cell1,8200,C1ch,530.5961,2578.67,2.7458,4.1999,40.427,2580,2016-09-20 11:01:56.603525
Cell1,8200,C1dc,560.6496,2730.05,4.1838,2.7,40.727,2732,2016-09-20 10:16:26.500852
Cell1,8200,OCVch,571.6387,51349.12,2.7027,4.1998,40.257,10271,2016-09-21 10:57:56.320047
Cell1,8200,OCVdc,568.8552,51302.87,4.1866,2.7002,40.272,10262,2016-09-20 20:42:53.401334
Cell2,0,C1ch,718.7413,3490.1,2.7185,4.1999,40.137,3492,2014-12-21 20:34:25.246617
Cell2,0,C1dc,734.819,3576.78,4.1896,2.6997,40.5,3578,2014-12-21 19:34:48.470061
Cell2,0,OCVch,743.2312,65078.88,2.7014,4.1999,39.982,13017,2014-12-23 01:05:04.356463
Cell2,0,OCVdc,732.9547,67584.0,4.1853,2.7,40.008,13518,2014-12-22 06:18:40.357381
Cell2,100,C1ch,709.5681,3446.0,2.7187,4.1999,40.093,3448,2014-12-29 00:27:38.474257
Cell2,100,C1dc,726.6221,3537.2,4.1919,2.6999,40.422,3539,2014-12-28 23:28:41.276575
Cell2,100,OCVch,736.1166,64501.69,2.7016,4.1998,39.96,12901,2014-12-30 04:51:37.342732
Cell2,100,OCVdc,729.6037,67258.35,4.1884,2.7002,39.992,13453,2014-12-29 10:10:38.995314
Cell2,200,C1ch,704.9058,3423.7,2.7197,4.1998,40.079,3425,2015-01-05 04:04:13.866694
Cell2,200,C1dc,722.1571,3515.67,4.1925,2.6999,40.415,3517,2015-01-05 03:05:38.196526
Cell2,200,OCVch,731.6021,64074.94,2.7011,4.1997,39.994,12816,2015-01-06 08:21:58.233579
Cell2,200,OCVdc,725.8119,66914.79,4.1895,2.7002,39.999,13384,2015-01-05 13:46:43.441902
Cell2,300,C1ch,702.3456,3410.81,2.7197,4.1998,40.082,3412,2015-01-13 19:59:42.500833
Cell2,300,C1dc,719.2156,3501.08,4.1921,2.7001,40.427,3503,2015-01-13 19:01:21.418475
Cell2,300,OCVch,726.8314,63680.79,2.7011,4.1999,39.942,12738,2015-01-15 00:10:42.317578
Cell2,300,OCVdc,721.5662,66520.62,4.1902,2.6999,39.973,13306,2015-01-14 05:42:01.694372
Cell2,400,C1ch,697.1368,3385.32,2.7202,4.1998,40.063,3387,2015-01-20 23:08:35.893131
Cell2,400,C1dc,714.5823,3478.73,4.1925,2.7001,40.408,3480,2015-01-20 22:10:37.164978
Cell2,400,OCVch,722.5854,63236.7,2.7011,4.1998,39.967,12648,2015-01-22 03:16:11.829802
Cell2,400,OCVdc,718.7471,66345.85,4.1908,2.7,39.988,13270,2015-01-21 08:50:25.978873
Cell2,500,C1ch,693.5281,3368.05,2.7203,4.2,40.079,3370,2015-01-28 02:06:21.007864
Cell2,500,C1dc,711.1217,3462.13,4.1927,2.7,40.408,3464,2015-01-28 01:08:38.878423
Cell2,500,OCVch,718.5821,62889.93,2.7012,4.1997,39.957,12579,2015-01-29 06:09:09.532223
Cell2,500,OCVdc,715.8577,66073.01,4.191,2.7,39.997,13216,2015-01-28 11:47:56.520551
Cell2,600,C1ch,690.2526,3352.63,2.7208,4.1998,40.069,3354,2015-02-04 04:53:18.278535
Cell2,600,C1dc,708.0616,3447.32,4.1925,2.7001,40.382,3449,2015-02-04 03:55:50.958268
Cell2,600,OCVch,715.3468,62633.44,2.701,4.2001,39.95,12528,2015-02-05 08:50:35.498566
Cell2,600,OCVdc,712.8712,65753.45,4.1911,2.7001,39.982,13152,2015-02-04 14:34:42.047028
Cell2,700,C1ch,687.9312,3345.76,2.7356,4.1999,40.088,3347,2015-02-11 19:57:26.498633
Cell2,700,C1dc,705.451,3432.23,4.1923,2.6998,40.422,3434,2015-02-11 19:00:14.214675
Cell2,700,OCVch,712.4686,64100.68,2.7023,4.2001,39.973,12822,2015-02-12 23:24:21.964222
Cell2,700,OCVdc,709.993,63919.57,4.1912,2.7002,39.995,12785,2015-02-12 05:39:02.340577
Cell2,800,C1ch,683.9562,3326.31,2.7356,4.1999,40.099,3328,2015-02-18 22:28:19.354197
Cell2,800,C1dc,701.9102,3415.12,4.1926,2.7002,40.413,3417,2015-02-18 21:31:24.186561
Cell2,800,OCVch,709.3967,63820.41,2.7022,4.1999,39.975,12765,2015-02-20 01:50:52.492774
Cell2,800,OCVdc,707.2572,63676.41,4.1914,2.7,40.008,12736,2015-02-19 08:09:36.030977
Cell2,900,C1ch,681.149,3312.65,2.7354,4.1998,40.102,3314,2015-02-26 00:49:56.280519
Cell2,900,C1dc,699.255,3402.27,4.1927,2.7,40.407,3404,2015-02-25 23:53:13.962190
Cell2,900,OCVch,706.5809,63565.0,2.7023,4.1999,39.993,12714,2015-02-27 04:08:19.379897
Cell2,900,OCVdc,704.5439,63433.0,4.1914,2.7002,40.026,12688,2015-02-26 10:31:06.327441
Cell2,1000,C1ch,678.439,3299.56,2.7355,4.1997,40.08,3301,2015-03-05 03:02:55.288900
Cell2,1000,C1dc,696.6638,3389.73,4.1927,2.7,40.386,3391,2015-03-05 02:06:25.506351
Cell2,1000,OCVch,703.8338,63319.79,2.7021,4.1998,39.969,12665,2015-03-06 06:17:10.569626
Cell2,1000,OCVdc,701.8849,63193.72,4.1915,2.7003,40.002,12640,2015-03-05 12:43:56.799236
Cell2,1100,C1ch,675.687,3286.16,2.7354,4.1998,40.139,3288,2015-03-12 05:07:25.215764
Cell2,1100,C1dc,693.9848,3376.78,4.1925,2.6999,40.439,3378,2015-03-12 04:11:08.389401
Cell2,1100,OCVch,700.991,63063.24,2.7022,4.2,40.001,12614,2015-03-13 08:17:29.023764
Cell2,1100,OCVdc,699.1881,62951.49,4.1916,2.7,40.032,12592,2015-03-12 14:48:17.483332
Cell2,1200,C1ch,672.6909,3271.66,2.7354,4.1998,40.113,3273,2015-03-19 07:03:24.118614
Cell2,1200,C1dc,691.2011,3363.33,4.1928,2.7,40.421,3365,2015-03-19 06:07:20.742550
Cell2,1200,OCVch,698.0869,62800.98,2.7024,4.1998,40.008,12562,2015-03-20 10:09:12.522246
Cell2,1200,OCVdc,696.3803,62699.22,4.1917,2.7,39.986,12541,2015-03-19 16:44:13.250361
Cell2,1300,C1ch,669.6119,3256.73,2.7355,4.1999,40.113,3258,2015-03-26 08:50:26.314930
Cell2,1300,C1dc,688.2824,3349.16,4.1925,2.7001,40.418,3351,2015-03-26 07:54:37.101383
Cell2,1300,OCVch,695.1858,62542.2,2.7024,4.1998,39.961,12510,2015-03-27 11:51:55.845776
Cell2,1300,OCVdc,693.5564,62444.69,4.1917,2.6999,40.001,12490,2015-03-26 18:31:11.105452
Cell2,1400,C1ch,666.6694,3242.45,2.7358,4.2001,40.113,3244,2015-04-02 10:28:42.566332
Cell2,1400,C1dc,685.4469,3335.41,4.1923,2.7001,40.412,3337,2015-04-02 09:33:07.107186
Cell2,1400,OCVch,692.4037,62290.0,2.702,4.1998,40.015,12459,2015-04-03 13:25:56.134153
Cell2,1400,OCVdc,690.7583,62193.45,4.1915,2.7002,40.03,12440,2015-04-02 20:09:22.632116
Cell2,1600,C1ch,661.0439,3214.8,2.7355,4.2001,40.154,3216,2015-04-17 14:09:43.544424
Cell2,1600,C1dc,679.511,3306.06,4.191,2.7,40.493,3308,2015-04-17 13:14:37.429265
Cell2,1600,OCVch,686.9778,61802.25,2.7023,4.1998,40.044,12362,2015-04-18 16:58:17.904782
Cell2,1600,OCVdc,685.0348,61674.76,4.1912,2.7,40.065,12336,2015-04-17 23:50:23.092970
Cell2,1800,C1ch,654.8733,3184.72,2.7359,4.1999,40.139,3186,2015-05-04 18:58:22.692025
Cell2,1800,C1dc,674.0054,3279.34,4.1909,2.6999,40.48,3281,2015-05-04 18:03:43.298467
Cell2,1800,OCVch,681.047,61267.41,2.7024,4.1999,39.972,12255,2015-05-05 21:38:31.356705
Cell2,1800,OCVdc,679.4304,61173.41,4.1909,2.7001,40.033,12236,2015-05-05 04:38:57.894769
Cell2,1900,C1ch,651.5763,3168.75,2.7359,4.2001,40.104,3170,2015-05-12 13:34:45.623838
Cell2,1900,C1dc,670.6498,3263.02,4.1902,2.7002,40.428,3265,2015-05-12 12:40:22.553476
Cell2,1900,OCVch,678.2975,61018.54,2.702,4.1999,40.048,12205,2015-05-13 16:10:25.585579
Cell2,1900,OCVdc,676.4802,60906.25,4.1911,2.7002,40.041,12183,2015-05-12 23:15:19.280775
Cell2,2000,C1ch,648.062,3151.82,2.736,4.2,40.04,3153,2015-05-20 13:34:01.800831
Cell2,2000,C1dc,667.3526,3247.02,4.1902,2.6999,40.388,3249,2015-05-20 12:39:54.732867
Cell2,2000,OCVch,675.0277,60728.78,2.7025,4.1997,39.935,12147,2015-05-21 16:04:38.831848
Cell2,2000,OCVdc,673.1878,60609.68,4.1908,2.7,39.941,12123,2015-05-20 23:14:29.097573
Cell2,2100,C1ch,645.0273,3136.84,2.7361,4.1996,40.077,3138,2015-05-27 14:37:12.760695
Cell2,2100,C1dc,665.2356,3236.84,4.1911,2.7001,40.441,3238,2015-05-27 13:43:15.868646
Cell2,2100,OCVch,672.2111,60470.0,2.702,4.2001,39.94,12095,2015-05-28 17:04:07.899946
Cell2,2100,OCVdc,670.7865,60397.72,4.1912,2.7,39.972,12081,2015-05-28 00:17:30.127346
Cell2,2200,C1ch,641.9562,3121.92,2.7362,4.1999,40.098,3123,2015-06-04 16:33:26.572637
Cell2,2200,C1dc,661.5433,3218.78,4.19,2.7,40.442,3220,2015-06-04 15:39:47.738477
Cell2,2200,OCVch,669.5184,60228.19,2.7026,4.1998,39.987,12047,2015-06-05 18:55:39.232572
Cell2,2200,OCVdc,667.645,60113.04,4.1909,2.7001,40.029,12024,2015-06-05 02:13:46.141781
Cell2,2300,C1ch,639.1818,3108.38,2.7364,4.1999,40.119,3110,2015-06-11 17:23:04.851896
Cell2,2300,C1dc,659.752,3210.13,4.1909,2.7,40.484,3212,2015-06-11 16:29:34.666814
Cell2,2300,OCVch,666.7753,59979.39,2.7024,4.1999,40.0,11997,2015-06-12 19:41:47.317759
Cell2,2300,OCVdc,665.3916,59912.2,4.1911,2.7,40.025,11983,2015-06-12 03:03:15.063758
Cell2,2400,C1ch,636.147,3093.58,2.7367,4.1999,40.144,3095,2015-06-19 16:12:30.201822
Cell2,2400,C1dc,656.2874,3193.19,4.1901,2.7002,40.498,3195,2015-06-19 15:19:16.960864
Cell2,2400,OCVch,664.2124,59750.26,2.7023,4.2,39.997,11952,2015-06-20 18:26:50.669286
Cell2,2400,OCVdc,662.4165,59642.63,4.191,2.7003,40.035,11930,2015-06-20 01:52:47.984765
Cell2,2500,C1ch,633.5869,3081.04,2.7365,4.2,40.153,3083,2015-06-26 16:48:52.773266
Cell2,2500,C1dc,654.6501,3185.33,4.1912,2.6999,40.521,3187,2015-06-26 15:55:47.390363
Cell2,2500,OCVch,661.7657,59524.56,2.7023,4.1999,40.024,11906,2015-06-27 19:00:01.200483
Cell2,2500,OCVdc,660.3309,59457.92,4.1914,2.7002,40.04,11893,2015-06-27 02:29:03.229333
Cell2,2600,C1ch,630.272,3064.93,2.7367,4.1999,40.176,3066,2015-07-06 20:49:47.246232
Cell2,2600,C1dc,650.3894,3164.46,4.189,2.7001,40.538,3166,2015-07-06 19:57:02.738070
Cell2,2600,OCVch,659.1378,59292.34,2.7023,4.1996,40.004,11860,2015-07-07 22:55:42.209217
Cell2,2600,OCVdc,656.9718,59152.17,4.1901,2.7,40.039,11832,2015-07-07 06:29:49.991176
Cell2,2700,C1ch,628.4405,3056.05,2.7371,4.2001,40.155,3058,2015-07-13 21:12:28.661087
Cell2,2700,C1dc,649.6653,3161.06,4.1903,2.7,40.52,3163,2015-07-13 20:19:47.550955
Cell2,2700,OCVch,657.0164,59097.05,2.7022,4.1999,40.03,11820,2015-07-14 23:15:59.397264
Cell2,2700,OCVdc,655.415,59014.91,4.1908,2.7002,40.055,11804,2015-07-14 06:52:24.438969
Cell2,2800,C1ch,625.6947,3042.66,2.7373,4.1998,40.154,3044,2015-07-20 21:39:24.038495
Cell2,2800,C1dc,647.1329,3148.75,4.1903,2.7,40.532,3150,2015-07-20 20:46:55.232993
Cell2,2800,OCVch,654.4797,58869.6,2.7022,4.2,40.006,11775,2015-07-21 23:39:19.566998
Cell2,2800,OCVdc,653.0328,58801.3,4.1904,2.7,40.034,11761,2015-07-21 07:19:18.219514
Cell2,2900,C1ch,621.4573,3022.06,2.7373,4.1998,40.122,3024,2015-08-01 19:46:20.642428
Cell2,2900,C1dc,642.1348,3124.46,4.1885,2.7001,40.477,3126,2015-08-01 18:54:16.134260
Cell2,2900,OCVch,651.1367,58567.84,2.7024,4.1999,40.013,11715,2015-08-02 21:40:03.380185
Cell2,2900,OCVdc,648.9193,58431.58,4.1899,2.6999,40.009,11688,2015-08-02 05:26:11.747161
Cell2,3000,C1ch,620.0356,3015.04,2.7371,4.1998,40.183,3017,2015-08-08 19:49:44.583899
Cell2,3000,C1dc,641.7053,3122.33,4.19,2.6999,40.56,3124,2015-08-08 18:57:42.203118
Cell2,3000,OCVch,648.7467,58351.56,2.7024,4.1997,40.043,11671,2015-08-09 21:40:56.410374
Cell2,3000,OCVdc,647.407,58295.19,4.1907,2.7001,40.068,11660,2015-08-09 05:29:21.174609
Cell2,3100,C1ch,617.0227,3000.41,2.7373,4.1999,40.148,3002,2015-08-15 19:58:23.683849
Cell2,3100,C1dc,638.9952,3109.18,4.1897,2.7001,40.525,3111,2015-08-15 19:06:34.451297
Cell2,3100,OCVch,646.4072,58141.53,2.7025,4.2,40.022,11629,2015-08-16 21:46:13.405204
Cell2,3100,OCVdc,645.0661,58084.95,4.1907,2.7002,40.045,11618,2015-08-16 05:38:08.406893
Cell2,3200,C1ch,613.5291,2983.38,2.7377,4.1999,40.152,2985,2015-08-24 19:32:12.968430
Cell2,3200,C1dc,634.9704,3089.57,4.1882,2.7,40.516,3091,2015-08-24 18:40:43.343064
Cell2,3200,OCVch,644.0502,57929.56,2.7024,4.1997,39.99,11587,2015-08-25 21:15:35.307339
Cell2,3200,OCVdc,642.0352,57813.0,4.1899,2.7,40.021,11564,2015-08-25 05:12:02.256768
Cell2,3300,C1ch,611.8853,2975.49,2.7378,4.1998,40.123,2977,2015-08-31 19:18:51.794944
Cell2,3300,C1dc,634.2086,3085.95,4.1892,2.7,40.502,3087,2015-08-31 18:27:25.789715
Cell2,3300,OCVch,641.7351,57721.63,2.7024,4.1997,39.949,11545,2015-09-01 20:59:32.264192
Cell2,3300,OCVdc,640.3324,57660.13,4.1904,2.6999,40.001,11533,2015-09-01 04:58:32.085453
Cell2,3500,C1ch,606.7991,2950.84,2.7374,4.2,40.028,2952,2015-09-16 15:19:41.976832
Cell2,3500,C1dc,627.7049,3054.25,4.1873,2.6999,40.333,3056,2015-09-16 14:28:47.674670
Cell2,3500,OCVch,633.3522,56972.1,2.7029,4.2001,25.031,11396,2015-09-17 16:52:10.357862
Cell2,3500,OCVdc,635.2587,57200.79,4.1896,2.7003,39.512,11442,2015-09-17 00:58:49.512369
Cell2,3600,C1ch,606.1075,2947.42,2.7373,4.2001,40.027,2949,2015-09-23 14:41:56.905352
Cell2,3600,C1dc,628.1201,3056.4,4.1894,2.7001,40.398,3058,2015-09-23 13:51:00.455485
Cell2,3600,OCVch,635.3914,57150.91,2.7024,4.2,39.907,11431,2015-09-24 16:12:09.784763
Cell2,3600,OCVdc,633.9158,57083.32,4.1904,2.6999,39.925,11418,2015-09-24 00:20:46.417510
Cell2,3700,C1ch,602.0502,2927.65,2.7367,4.1999,39.224,2929,2015-09-30 14:13:26.768460
Cell2,3700,C1dc,626.1355,3046.73,4.1896,2.6997,40.557,3048,2015-09-30 13:22:39.992016
Cell2,3700,OCVch,629.4286,56613.52,2.7036,4.2001,23.881,11324,2015-10-01 15:39:39.887262
Cell2,3700,OCVdc,630.7505,56798.63,4.1916,2.7003,23.794,11361,2015-09-30 23:53:01.210912
Cell2,3800,C1ch,599.8041,2916.67,2.7377,4.1998,40.099,2918,2015-10-12 18:21:46.403435
Cell2,3800,C1dc,621.1583,3022.42,4.1875,2.6999,40.465,3024,2015-10-12 17:31:23.937471
Cell2,3800,OCVch,630.8839,56746.02,2.7022,4.1997,39.931,11351,2015-10-13 19:44:15.907216
Cell2,3800,OCVdc,628.8197,56624.03,4.1896,2.7001,39.951,11326,2015-10-13 04:00:31.821973
Cell2,3900,C1ch,599.0627,2913.14,2.7375,4.1999,40.099,2915,2015-10-19 17:30:22.660596
Cell2,3900,C1dc,621.4629,3023.97,4.1893,2.7001,40.47,3025,2015-10-19 16:39:58.644892
Cell2,3900,OCVch,628.7267,56551.31,2.7025,4.1999,39.934,11311,2015-10-20 18:50:18.594560
Cell2,3900,OCVdc,627.2535,56482.74,4.1902,2.6999,39.969,11298,2015-10-20 03:08:55.801379
Cell2,4000,C1ch,596.8222,2902.17,2.7375,4.2002,40.126,2904,2015-10-26 16:52:17.953727
Cell2,4000,C1dc,619.5184,3014.49,4.1889,2.7,40.507,3016,2015-10-26 16:02:03.418036
Cell2,4000,OCVch,627.0219,56396.51,2.7024,4.2,39.976,11280,2015-10-27 18:09:48.585673
Cell2,4000,OCVdc,625.5454,56328.83,4.19,2.7,40.0,11267,2015-10-27 02:30:59.709460
Cell2,4100,C1ch,593.1072,2884.04,2.7379,4.1999,40.124,2886,2015-11-04 11:38:46.995629
Cell2,4100,C1dc,615.535,2995.05,4.1875,2.6999,40.488,2997,2015-11-04 10:48:51.890069
Cell2,4100,OCVch,624.8533,56201.46,2.7023,4.2001,39.956,11242,2015-11-05 12:52:29.525977
Cell2,4100,OCVdc,622.8376,56085.12,4.1894,2.7001,39.99,11219,2015-11-04 21:17:44.354175
Cell2,4200,C1ch,591.9063,2878.29,2.7384,4.1998,40.132,2880,2015-11-11 16:23:54.130027
Cell2,4200,C1dc,614.8821,2991.84,4.188,2.7,40.493,2993,2015-11-11 15:34:02.239265
Cell2,4200,OCVch,622.8386,56022.42,2.7022,4.1996,39.964,11206,2015-11-12 17:35:16.254809
Cell2,4200,OCVdc,621.2611,55941.19,4.1897,2.7,40.0,11190,2015-11-12 02:02:55.016576
Cell2,4300,C1ch,589.1572,2864.93,2.7383,4.1999,40.099,2866,2015-11-18 15:11:33.078709
Cell2,4300,C1dc,612.8973,2982.29,4.1885,2.7,40.466,2984,2015-11-18 14:21:50.736356
Cell2,4300,OCVch,620.9406,55850.04,2.7024,4.1997,39.936,11171,2015-11-19 16:20:20.329296
Cell2,4300,OCVdc,619.443,55779.96,4.1897,2.6999,39.96,11157,2015-11-19 00:50:40.316058
Cell2,4400,C1ch,586.9062,2854.06,2.7385,4.2001,40.113,2856,2015-11-25 14:04:12.783374
Cell2,4400,C1dc,610.9128,2972.66,4.188,2.7,40.451,2974,2015-11-25 13:14:40.076625
Cell2,4400,OCVch,619.2601,55700.58,2.7024,4.1998,39.949,11141,2015-11-26 15:10:29.873882
Cell2,4400,OCVdc,617.7299,55624.6,4.1896,2.7001,39.961,11126,2015-11-25 23:43:25.221660
Cell2,4500,C1ch,583.645,2838.08,2.7389,4.1997,40.105,2840,2015-12-03 13:19:46.400633
Cell2,4500,C1dc,607.2825,2954.93,4.1861,2.7001,40.469,2956,2015-12-03 12:30:31.417063
Cell2,4500,OCVch,617.4597,55537.74,2.7022,4.1998,39.924,11109,2015-12-04 14:22:50.879321
Cell2,4500,OCVdc,615.399,55415.77,4.1889,2.7001,39.948,11085,2015-12-03 22:59:15.060165
Cell2,4600,C1ch,582.6072,2833.11,2.7391,4.1997,40.069,2835,2015-12-10 11:53:51.778692
Cell2,4600,C1dc,606.9661,2953.47,4.1875,2.6999,40.432,2955,2015-12-10 11:04:38.253101
Cell2,4600,OCVch,615.6975,55379.67,2.7027,4.1999,39.9,11077,2015-12-11 12:54:41.587863
Cell2,4600,OCVdc,614.0381,55293.62,4.1893,2.7001,39.921,11060,2015-12-10 21:33:07.915027
Cell2,4800,C1ch,578.5372,2813.27,2.7391,4.1999,40.1,2815,2015-12-26 13:05:14.471707
Cell2,4800,C1dc,603.2893,2935.6,4.1875,2.6998,40.468,2937,2015-12-26 12:16:18.825701
Cell2,4800,OCVch,612.359,55077.57,2.7025,4.1999,39.929,11017,2015-12-27 14:00:58.652934
Cell2,4800,OCVdc,610.6088,54985.52,4.1891,2.6999,39.95,10998,2015-12-26 22:44:33.085618
Cell2,5000,C1ch,540.1406,2626.72,2.7437,4.1998,40.143,2628,2016-01-19 17:59:55.337231
Cell2,5000,C1dc,565.6962,2752.68,4.1617,2.7001,40.496,2754,2016-01-19 17:14:02.606457
Cell2,5000,OCVch,607.7085,54665.98,2.7028,4.2001,39.849,10935,2016-01-20 18:53:03.940153
Cell2,5000,OCVdc,602.2739,54232.09,4.1768,2.7001,39.879,10848,2016-01-20 03:49:11.795979
Cell2,5100,C1ch,544.1508,2646.17,2.7442,4.2,40.095,2648,2016-01-26 15:29:10.782648
Cell2,5100,C1dc,577.9189,2812.27,4.1749,2.6999,40.491,2814,2016-01-26 14:42:18.464881
Cell2,5100,OCVch,606.7146,54571.73,2.7026,4.1996,39.87,10915,2016-01-27 16:22:32.473761
Cell2,5100,OCVdc,603.0497,54304.7,4.1816,2.7,39.974,10862,2016-01-27 01:17:27.720918
Cell2,5200,C1ch,543.2743,2642.0,2.744,4.2001,40.311,2644,2016-02-07 17:45:46.943422
Cell2,5200,C1dc,575.4802,2800.37,4.1715,2.7001,40.678,2802,2016-02-07 16:59:06.523055
Cell2,5200,OCVch,606.0966,54519.92,2.7027,4.1997,40.043,10905,2016-02-08 18:38:07.495800
Cell2,5200,OCVdc,602.0836,54215.86,4.1825,2.7,40.077,10845,2016-02-08 03:34:31.584167
Cell2,5300,C1ch,546.5393,2657.85,2.7444,4.1998,40.309,2659,2016-02-14 14:56:47.276382
Cell2,5300,C1dc,580.8789,2826.71,4.178,2.6999,40.673,2828,2016-02-14 14:09:40.513833
Cell2,5300,OCVch,603.3751,54273.72,2.7027,4.1999,40.049,10856,2016-02-15 15:45:29.805441
Cell2,5300,OCVdc,600.3917,54065.71,4.1845,2.7,40.074,10814,2016-02-15 00:44:24.044894
Cell2,5400,C1ch,546.5661,2658.09,2.7444,4.1999,40.326,2660,2016-02-21 11:59:52.083044
Cell2,5400,C1dc,581.026,2827.47,4.1787,2.7001,40.663,2829,2016-02-21 11:12:44.563891
Cell2,5400,OCVch,602.0106,54149.22,2.7027,4.1999,40.076,10831,2016-02-22 12:46:31.387434
Cell2,5400,OCVdc,599.183,53956.38,4.1848,2.6999,40.087,10792,2016-02-21 21:47:14.956228
Cell2,5500,C1ch,541.546,2633.52,2.7446,4.2001,40.339,2635,2016-03-05 00:39:39.903627
Cell2,5500,C1dc,575.9513,2802.7,4.1759,2.7001,40.729,2804,2016-03-04 23:52:57.149256
Cell2,5500,OCVch,600.2864,53995.72,2.7025,4.2,40.071,10801,2016-03-06 01:23:37.188327
Cell2,5500,OCVdc,596.9699,53757.61,4.1841,2.7001,40.115,10753,2016-03-05 10:27:39.532174
Cell2,5600,C1ch,544.3259,2647.14,2.7447,4.2001,40.334,2649,2016-03-11 21:33:05.118915
Cell2,5600,C1dc,578.8702,2816.94,4.1796,2.7,40.703,2818,2016-03-11 20:46:08.129155
Cell2,5600,OCVch,597.3497,53731.13,2.7027,4.1997,40.08,10747,2016-03-12 22:12:34.634849
Cell2,5600,OCVdc,594.6924,53553.04,4.1858,2.7,40.136,10712,2016-03-12 07:20:01.543691
Cell2,5700,C1ch,543.3294,2642.25,2.745,4.1999,40.377,2644,2016-03-18 18:17:39.519992
Cell2,5700,C1dc,578.0392,2812.92,4.1801,2.7,40.701,2814,2016-03-18 17:30:46.546817
Cell2,5700,OCVch,596.1793,53625.78,2.703,4.2001,40.086,10726,2016-03-19 18:55:18.451564
Cell2,5700,OCVdc,593.5836,53452.97,4.1855,2.6999,40.131,10692,2016-03-19 04:04:25.429637
Cell2,5800,C1ch,541.0781,2631.19,2.7455,4.1999,40.376,2633,2016-03-25 19:53:41.130031
Cell2,5800,C1dc,575.2942,2799.54,4.1776,2.6999,40.751,2801,2016-03-25 19:07:01.544059
Cell2,5800,OCVch,594.8105,53500.88,2.7028,4.2,40.09,10702,2016-03-26 20:29:19.540248
Cell2,5800,OCVdc,591.8521,53298.4,4.1851,2.7,40.141,10661,2016-03-26 05:41:01.091975
Cell2,5900,C1ch,539.8739,2625.42,2.7456,4.1998,40.353,2627,2016-04-01 16:30:09.404163
Cell2,5900,C1dc,574.6726,2796.53,4.18,2.7,40.693,2798,2016-04-01 15:43:32.820982
Cell2,5900,OCVch,592.6555,53306.18,2.703,4.2001,40.122,10662,2016-04-02 17:02:11.638446
Cell2,5900,OCVdc,589.9117,53122.97,4.1855,2.6999,40.144,10626,2016-04-02 02:16:48.618753
Cell2,6000,C1ch,538.0127,2616.41,2.7459,4.2,40.378,2618,2016-04-08 12:59:55.251129
Cell2,6000,C1dc,573.0003,2788.41,4.18,2.7001,40.688,2790,2016-04-08 12:13:26.787316
Cell2,6000,OCVch,590.8562,53146.18,2.7027,4.1999,40.081,10630,2016-04-09 13:29:12.612015
Cell2,6000,OCVdc,588.119,52961.45,4.1855,2.7002,40.112,10593,2016-04-08 22:46:31.113775
Cell2,6100,C1ch,531.7941,2586.08,2.7461,4.1998,40.392,2588,2016-04-16 15:17:50.257623
Cell2,6100,C1dc,567.4637,2761.36,4.1764,2.7,40.775,2763,2016-04-16 14:31:48.847465
Cell2,6100,OCVch,589.7839,53049.78,2.7029,4.2001,40.114,10611,2016-04-17 15:45:52.845972
Cell2,6100,OCVdc,586.4155,52806.06,4.1842,2.7002,40.142,10563,2016-04-17 01:05:46.736368
Cell2,6200,C1ch,535.3074,2603.22,2.746,4.1999,40.386,2605,2016-04-23 11:39:03.139386
Cell2,6200,C1dc,570.4756,2776.11,4.18,2.7001,40.715,2778,2016-04-23 10:52:46.981974
Cell2,6200,OCVch,587.6604,52860.35,2.7029,4.2,40.066,10573,2016-04-24 12:03:25.890022
Cell2,6200,OCVdc,584.9458,52675.35,4.1855,2.7,40.108,10536,2016-04-23 21:25:30.487786
Cell2,6300,C1ch,533.426,2594.16,2.7465,4.2001,40.384,2596,2016-04-30 07:53:35.450057
Cell2,6300,C1dc,568.801,2767.98,4.1803,2.7002,40.674,2769,2016-04-30 07:07:27.415021
Cell2,6300,OCVch,585.9333,52704.27,2.703,4.2,40.078,10542,2016-05-01 08:15:15.890801
Cell2,6300,OCVdc,583.1658,52515.16,4.1853,2.6999,40.125,10504,2016-04-30 17:40:00.676733
Cell2,6400,C1ch,526.2558,2559.02,2.7469,4.2,40.418,2561,2016-05-09 12:16:21.981819
Cell2,6400,C1dc,562.7252,2738.32,4.1767,2.6999,40.792,2740,2016-05-09 11:30:43.612061
Cell2,6400,OCVch,585.264,52638.36,2.7031,4.2,40.144,10529,2016-05-10 12:37:25.095457
Cell2,6400,OCVdc,581.7874,52391.11,4.184,2.7001,40.174,10480,2016-05-09 22:04:13.929971
Cell2,6500,C1ch,530.2883,2578.77,2.7468,4.1999,40.421,2580,2016-05-16 08:23:17.942572
Cell2,6500,C1dc,565.7942,2753.34,4.1799,2.7,40.737,2755,2016-05-16 07:37:24.551139
Cell2,6500,OCVch,582.377,52380.32,2.7028,4.1999,40.137,10477,2016-05-17 08:39:27.655015
Cell2,6500,OCVdc,579.4991,52186.72,4.1852,2.7,40.173,10438,2016-05-16 18:09:40.883180
Cell2,6600,C1ch,528.0917,2568.14,2.7473,4.2,40.436,2570,2016-05-23 04:21:14.794249
Cell2,6600,C1dc,563.8357,2743.9,4.18,2.7002,40.731,2745,2016-05-23 03:35:30.841570
Cell2,6600,OCVch,580.3427,52194.45,2.7029,4.1998,40.152,10440,2016-05-24 04:34:15.826132
Cell2,6600,OCVdc,577.4754,52005.07,4.1854,2.7002,40.178,10402,2016-05-23 14:07:30.707527
Cell2,6700,C1ch,529.1748,2573.16,2.7493,4.1999,40.399,2575,2016-06-09 12:24:40.368022
Cell2,6700,C1dc,561.4335,2732.05,4.172,2.7,40.765,2734,2016-06-09 11:39:08.263659
Cell2,6700,OCVch,583.3376,52463.01,2.7029,4.1999,40.149,10494,2016-06-10 12:41:27.900074
Cell2,6700,OCVdc,579.6603,52200.56,4.1837,2.7001,40.176,10442,2016-06-09 22:11:27.289972
Cell2,6800,C1ch,529.2633,2573.68,2.7475,4.2001,40.401,2575,2016-06-16 08:23:57.522693
Cell2,6800,C1dc,564.003,2744.68,4.1805,2.7,40.75,2746,2016-06-16 07:38:12.795446
Cell2,6800,OCVch,578.8568,52058.66,2.7031,4.2,40.137,10413,2016-06-17 08:33:50.564397
Cell2,6800,OCVdc,575.9044,51865.3,4.1851,2.7,40.165,10374,2016-06-16 18:09:25.218570
Cell2,6900,C1ch,527.0825,2563.03,2.7478,4.1999,40.446,2565,2016-06-23 04:09:30.113279
Cell2,6900,C1dc,562.1277,2735.61,4.1806,2.6998,40.749,2737,2016-06-23 03:23:54.452197
Cell2,6900,OCVch,576.9674,51888.97,2.7031,4.1998,40.137,10379,2016-06-24 04:16:45.322466
Cell2,6900,OCVdc,574.1419,51706.68,4.1853,2.7001,40.174,10342,2016-06-23 13:54:58.595633
Cell2,7000,C1ch,519.7201,2527.16,2.7485,4.1999,40.375,2529,2016-07-04 17:34:06.456636
Cell2,7000,C1dc,556.2119,2706.74,4.1778,2.6999,40.757,2708,2016-07-04 16:48:59.669467
Cell2,7000,OCVch,575.6537,51770.68,2.7029,4.1999,40.119,10356,2016-07-05 17:39:24.387903
Cell2,7000,OCVdc,572.0783,51521.49,4.1834,2.7,40.121,10306,2016-07-05 03:20:42.845572
Cell2,7100,C1ch,520.7728,2532.26,2.75,4.1998,40.416,2534,2016-07-11 15:17:07.860629
Cell2,7100,C1dc,556.3347,2707.62,4.1778,2.7,40.799,2709,2016-07-11 14:32:00.193471
Cell2,7100,OCVch,572.9017,51522.44,2.7031,4.1998,40.133,10306,2016-07-12 15:18:44.164351
Cell2,7100,OCVdc,569.6412,51302.06,4.1848,2.6999,40.16,10262,2016-07-12 01:03:42.053781
Cell2,7200,C1ch,520.6441,2531.61,2.751,4.1998,40.436,2533,2016-07-18 10:45:25.530456
Cell2,7200,C1dc,556.8875,2710.04,4.1802,2.7,40.793,2712,2016-07-18 10:00:15.435570
Cell2,7200,OCVch,571.3932,51381.9,2.703,4.2,40.184,10277,2016-07-19 10:44:42.637940
Cell2,7200,OCVdc,568.4383,51193.43,4.1851,2.7,40.187,10240,2016-07-18 20:31:29.156695
Cell2,7300,C1ch,520.4911,2531.02,2.754,4.1996,40.448,2533,2016-07-25 06:09:06.172757
Cell2,7300,C1dc,557.1166,2711.21,4.1798,2.7003,40.765,2713,2016-07-25 05:23:54.915837
Cell2,7300,OCVch,571.9928,51442.09,2.7032,4.1999,40.129,10290,2016-07-26 06:09:40.152315
Cell2,7300,OCVdc,568.9953,51243.12,4.1848,2.7001,40.164,10250,2016-07-25 15:55:36.978219
Cell2,7400,C1ch,475.4616,2312.03,2.7676,4.1998,40.468,2314,2016-08-01 16:46:56.306226
Cell2,7400,C1dc,501.435,2440.3,4.1483,2.7,40.745,2442,2016-08-01 16:06:15.953459
Cell2,7400,OCVch,586.6787,52761.81,2.7037,4.2,40.153,10554,2016-08-02 16:34:23.369513
Cell2,7400,OCVdc,553.3351,49833.14,4.1253,2.7002,40.15,9968,2016-08-02 02:43:50.181181
Cell2,7500,C1ch,524.5923,2550.91,2.7551,4.1998,40.387,2552,2016-08-08 12:22:53.509911
Cell2,7500,C1dc,562.2337,2736.19,4.179,2.6998,40.697,2738,2016-08-08 11:37:17.273052
Cell2,7500,OCVch,578.381,52015.98,2.7035,4.1997,40.138,10404,2016-08-09 12:34:34.217084
Cell2,7500,OCVdc,575.3085,51811.74,4.1846,2.7,40.152,10363,2016-08-08 22:11:02.421590
Cell2,7600,C1ch,520.7086,2532.05,2.7572,4.1999,40.407,2534,2016-08-15 08:10:23.734641
Cell2,7600,C1dc,558.6321,2718.63,4.1788,2.6999,40.723,2720,2016-08-15 07:25:05.049930
Cell2,7600,OCVch,574.4943,51665.17,2.7035,4.2001,40.162,10334,2016-08-16 08:16:01.622357
Cell2,7600,OCVdc,571.4185,51460.81,4.1845,2.7,40.174,10293,2016-08-15 17:58:20.761582
Cell2,7700,C1ch,505.7172,2459.02,2.765,4.2,40.486,2461,2016-08-22 17:09:50.124222
Cell2,7700,C1dc,544.9148,2651.76,4.1673,2.7003,40.823,2653,2016-08-22 16:25:38.309255
Cell2,7700,OCVch,572.0879,51447.62,2.7038,4.2,40.158,10291,2016-08-23 17:14:02.692224
Cell2,7700,OCVdc,567.2358,51084.18,4.1787,2.7,40.164,10218,2016-08-23 03:02:38.465767
Cell3,0,C1ch,718.7631,3484.24,2.719,4.1998,40.109,3486,2014-12-21 20:36:16.880813
Cell3,0,C1dc,735.1196,3586.12,4.1915,2.6999,40.316,3588,2014-12-21 19:36:30.762857
Cell3,0,OCVch,742.1909,62963.19,2.7015,4.2,40.008,12594,2014-12-23 01:51:34.999805
Cell3,0,OCVdc,734.9782,70322.19,4.1884,2.7001,40.021,14066,2014-12-22 06:19:32.806574
Cell3,100,C1ch,709.7738,3440.6,2.7193,4.2,40.081,3442,2014-12-29 00:30:10.312691
Cell3,100,C1dc,726.6872,3545.78,4.1925,2.6999,40.267,3547,2014-12-28 23:31:04.534026
Cell3,100,OCVch,737.2821,62472.23,2.7009,4.1999,39.99,12495,2014-12-30 05:39:07.862465
Cell3,100,OCVdc,729.9765,69983.95,4.1896,2.7001,40.006,13998,2014-12-29 10:12:43.914984
Cell3,200,C1ch,705.5003,3420.3,2.7196,4.2002,40.07,3422,2015-01-05 04:09:21.943479
Cell3,200,C1dc,722.7328,3526.55,4.1926,2.7,40.264,3528,2015-01-05 03:10:35.392118
Cell3,200,OCVch,731.2045,61938.47,2.7011,4.1999,40.023,12389,2015-01-06 09:14:58.739643
Cell3,200,OCVdc,728.3491,69805.29,4.1903,2.7,40.016,13962,2015-01-05 13:51:33.452509
Cell3,300,C1ch,703.1797,3408.84,2.7202,4.1998,40.084,3410,2015-01-13 20:00:52.890634
Cell3,300,C1dc,720.2067,3513.67,4.1921,2.6997,40.276,3515,2015-01-13 19:02:19.223673
Cell3,300,OCVch,728.0841,61749.72,2.7011,4.1998,39.987,12351,2015-01-15 00:56:53.629935
Cell3,300,OCVdc,723.3396,69238.15,4.1904,2.7001,40.0,13849,2015-01-14 05:42:55.479576
Cell3,400,C1ch,698.6793,3386.7,2.7206,4.1999,40.06,3388,2015-01-20 23:14:20.540186
Cell3,400,C1dc,716.0503,3493.85,4.1928,2.7,40.263,3495,2015-01-20 22:16:06.687260
Cell3,400,OCVch,723.9979,61303.45,2.7015,4.1998,40.002,12262,2015-01-22 04:08:46.371231
Cell3,400,OCVdc,721.3259,69166.5,4.1909,2.7001,40.01,13834,2015-01-21 08:55:59.870152
Cell3,500,C1ch,695.5756,3371.67,2.7208,4.2,40.073,3373,2015-01-28 02:18:21.678729
Cell3,500,C1dc,713.084,3479.83,4.1929,2.7002,40.27,3481,2015-01-28 01:20:21.845713
Cell3,500,OCVch,720.7986,60997.2,2.7014,4.1998,40.002,12200,2015-01-29 07:09:15.305766
Cell3,500,OCVdc,718.6961,68966.71,4.1911,2.7,40.021,13794,2015-01-28 11:59:48.597628
Cell3,600,C1ch,692.6804,3357.9,2.7211,4.1999,40.056,3359,2015-02-04 05:13:33.947489
Cell3,600,C1dc,710.0583,3465.48,4.1929,2.7002,40.259,3467,2015-02-04 04:15:48.465452
Cell3,600,OCVch,718.0998,60777.45,2.7014,4.1999,39.991,12157,2015-02-05 09:58:36.325627
Cell3,600,OCVdc,715.2563,68624.91,4.1915,2.7002,40.006,13726,2015-02-04 14:54:51.412396
Cell3,700,C1ch,690.9953,3359.45,2.7377,4.1998,40.097,3361,2015-02-11 19:57:54.069425
Cell3,700,C1dc,708.5077,3448.43,4.1923,2.7,40.279,3450,2015-02-11 19:00:25.588462
Cell3,700,OCVch,715.5748,64327.41,2.7022,4.2,40.02,12867,2015-02-12 23:30:05.704935
Cell3,700,OCVdc,712.7312,64216.65,4.1915,2.7,40.024,12845,2015-02-12 05:39:49.003370
Cell3,800,C1ch,687.616,3342.79,2.7372,4.2,40.111,3344,2015-02-18 22:28:57.108358
Cell3,800,C1dc,705.5725,3434.37,4.1929,2.7,40.284,3436,2015-02-18 21:31:42.690957
Cell3,800,OCVch,712.9499,64083.45,2.7023,4.1999,40.025,12818,2015-02-20 01:57:39.050687
Cell3,800,OCVdc,710.4664,64020.64,4.1917,2.7,40.039,12805,2015-02-19 08:10:38.355915
Cell3,900,C1ch,685.134,3330.72,2.737,4.2,40.108,3332,2015-02-26 00:52:08.020953
Cell3,900,C1dc,703.2127,3422.97,4.1933,2.7001,40.291,3424,2015-02-25 23:55:05.000041
Cell3,900,OCVch,710.4253,63854.68,2.7022,4.1998,40.037,12772,2015-02-27 04:17:10.879951
Cell3,900,OCVdc,708.0876,63807.42,4.1918,2.7001,40.052,12762,2015-02-26 10:33:43.404833
Cell3,1000,C1ch,682.7033,3318.91,2.7374,4.1999,40.08,3320,2015-03-05 03:07:23.129733
Cell3,1000,C1dc,700.8922,3411.82,4.1931,2.6999,40.279,3413,2015-03-05 02:10:31.263015
Cell3,1000,OCVch,707.9996,63636.53,2.7022,4.1999,40.018,12728,2015-03-06 06:28:48.285848
Cell3,1000,OCVdc,705.7127,63594.85,4.1915,2.7003,40.032,12720,2015-03-05 12:48:53.387429
Cell3,1100,C1ch,680.3609,3307.53,2.7369,4.2,40.135,3309,2015-03-12 05:14:58.407914
Cell3,1100,C1dc,698.6703,3401.11,4.1929,2.7002,40.327,3403,2015-03-12 04:18:17.244960
Cell3,1100,OCVch,705.6849,63427.65,2.7023,4.1998,40.049,12687,2015-03-13 08:33:01.138201
Cell3,1100,OCVdc,703.5005,63396.6,4.1917,2.7,40.063,12681,2015-03-12 14:56:24.485951
Cell3,1200,C1ch,677.9298,3295.76,2.7374,4.2,40.103,3297,2015-03-19 07:15:56.648268
Cell3,1200,C1dc,696.346,3389.89,4.1931,2.7,40.306,3391,2015-03-19 06:19:26.703599
Cell3,1200,OCVch,703.2839,63210.99,2.7024,4.1999,40.049,12644,2015-03-20 10:30:22.813888
Cell3,1200,OCVdc,701.1433,63184.73,4.1918,2.7,40.019,12638,2015-03-19 16:57:18.034869
Cell3,1300,C1ch,675.3622,3283.3,2.737,4.1998,40.105,3285,2015-03-26 09:09:10.365251
Cell3,1300,C1dc,693.932,3378.17,4.193,2.7,40.307,3380,2015-03-26 08:12:52.148672
Cell3,1300,OCVch,700.8703,62995.52,2.7024,4.2,40.012,12601,2015-03-27 12:19:58.898989
Cell3,1300,OCVdc,698.7689,62970.7,4.1917,2.6998,40.032,12596,2015-03-26 18:50:28.148421
Cell3,1400,C1ch,672.7949,3270.83,2.7371,4.1998,40.109,3272,2015-04-02 10:55:07.018189
Cell3,1400,C1dc,691.4783,3366.28,4.1925,2.7001,40.305,3368,2015-04-02 09:59:00.689254
Cell3,1400,OCVch,698.3406,62766.73,2.7023,4.1996,40.056,12555,2015-04-03 14:02:07.845015
Cell3,1400,OCVdc,696.3041,62749.24,4.1919,2.6999,40.059,12551,2015-04-02 20:36:18.554954
Cell3,1600,C1ch,667.8608,3246.7,2.7371,4.2,40.168,3248,2015-04-17 14:10:08.603220
Cell3,1600,C1dc,686.404,3341.01,4.1917,2.6999,40.345,3343,2015-04-17 13:14:27.539668
Cell3,1600,OCVch,693.1396,62302.41,2.7024,4.1998,40.081,12462,2015-04-18 17:08:49.713234
Cell3,1600,OCVdc,690.9167,62258.04,4.1913,2.7002,40.09,12453,2015-04-17 23:51:11.626171
Cell3,1800,C1ch,661.9469,3217.74,2.7372,4.1998,40.161,3219,2015-05-04 18:58:50.995432
Cell3,1800,C1dc,681.1264,3315.51,4.1916,2.6999,40.338,3317,2015-05-04 18:03:35.434669
Cell3,1800,OCVch,687.6757,61804.18,2.7022,4.1998,40.033,12362,2015-05-05 21:49:35.979151
Cell3,1800,OCVdc,685.5796,61785.02,4.1915,2.7002,40.072,12359,2015-05-05 04:39:50.912576
Cell3,1900,C1ch,659.0533,3203.8,2.7375,4.1999,40.134,3205,2015-05-12 13:35:13.954634
Cell3,1900,C1dc,678.2318,3301.36,4.1917,2.7,40.296,3303,2015-05-12 12:40:12.541672
Cell3,1900,OCVch,685.0335,61568.57,2.7024,4.1999,40.094,12315,2015-05-13 16:21:51.368211
Cell3,1900,OCVdc,682.9286,61542.28,4.1916,2.6999,40.082,12310,2015-05-12 23:16:09.039980
Cell3,2000,C1ch,656.126,3189.68,2.7374,4.1997,40.081,3191,2015-05-20 13:34:32.278034
Cell3,2000,C1dc,675.4149,3287.68,4.1914,2.6999,40.264,3289,2015-05-20 12:39:44.547869
Cell3,2000,OCVch,682.4263,61337.36,2.7023,4.1999,40.007,12269,2015-05-21 16:16:45.301273
Cell3,2000,OCVdc,680.0454,61282.43,4.1914,2.7,40.002,12258,2015-05-20 23:15:22.825374
Cell3,2100,C1ch,653.2635,3175.52,2.7376,4.1998,40.122,3177,2015-05-27 14:28:26.608208
Cell3,2100,C1dc,673.3918,3278.08,4.1921,2.7,40.292,3280,2015-05-27 13:33:48.479610
Cell3,2100,OCVch,679.7101,61084.34,2.7024,4.2001,40.019,12218,2015-05-28 17:07:30.942971
Cell3,2100,OCVdc,677.9086,61098.3,4.1914,2.7,40.032,12221,2015-05-28 00:09:12.595826
Cell3,2200,C1ch,650.3072,3161.2,2.7377,4.2,40.139,3163,2015-06-04 16:33:56.558433
Cell3,2200,C1dc,669.9072,3260.94,4.1908,2.6999,40.313,3262,2015-06-04 15:39:35.565077
Cell3,2200,OCVch,676.9954,60844.22,2.7023,4.1997,40.056,12170,2015-06-05 19:08:10.073601
Cell3,2200,OCVdc,674.795,60813.18,4.1912,2.7002,40.081,12164,2015-06-05 02:14:36.846173
Cell3,2300,C1ch,647.5961,3147.92,2.7377,4.1997,40.16,3149,2015-06-11 17:15:21.019731
Cell3,2300,C1dc,667.9872,3251.79,4.1918,2.7001,40.331,3253,2015-06-11 16:21:09.175903
Cell3,2300,OCVch,674.5307,60617.42,2.7024,4.1996,40.065,12125,2015-06-12 19:46:26.592084
Cell3,2300,OCVdc,672.7235,60631.73,4.1914,2.7001,40.077,12127,2015-06-12 02:55:54.806570
Cell3,2400,C1ch,645.1074,3135.83,2.7376,4.1997,40.179,3137,2015-06-19 16:13:03.669222
Cell3,2400,C1dc,665.183,3237.96,4.1913,2.7002,40.362,3239,2015-06-19 15:19:05.656067
Cell3,2400,OCVch,672.2089,60412.65,2.7024,4.2,40.068,12084,2015-06-20 18:40:18.801294
Cell3,2400,OCVdc,670.1622,60396.89,4.191,2.6998,40.09,12081,2015-06-20 01:53:41.860966
Cell3,2500,C1ch,642.2626,3121.87,2.7379,4.1998,40.195,3123,2015-06-26 16:41:40.852676
Cell3,2500,C1dc,663.1788,3228.43,4.1916,2.6999,40.371,3230,2015-06-26 15:47:52.374814
Cell3,2500,OCVch,669.685,60178.02,2.7024,4.1999,40.094,12037,2015-06-27 19:05:43.411743
Cell3,2500,OCVdc,668.0036,60209.02,4.1912,2.7001,40.098,12043,2015-06-27 02:22:14.343912
Cell3,2600,C1ch,639.4436,3108.23,2.7381,4.2,40.205,3110,2015-07-06 20:50:16.343238
Cell3,2600,C1dc,659.6376,3210.96,4.1904,2.6999,40.393,3212,2015-07-06 19:56:45.331677
Cell3,2600,OCVch,667.1763,59958.56,2.7025,4.1999,40.078,11993,2015-07-07 23:09:11.207826
Cell3,2600,OCVdc,664.7627,59910.72,4.1907,2.7002,40.097,11984,2015-07-07 06:30:40.439977
Cell3,2700,C1ch,637.2262,3097.39,2.7378,4.1999,40.196,3099,2015-07-13 21:04:52.461520
Cell3,2700,C1dc,658.3708,3205.02,4.1913,2.6999,40.367,3207,2015-07-13 20:11:27.389043
Cell3,2700,OCVch,664.9797,59754.04,2.7025,4.1999,40.099,11952,2015-07-14 23:21:32.421126
Cell3,2700,OCVdc,663.2221,59778.1,4.1911,2.7001,40.11,11957,2015-07-14 06:45:14.274374
Cell3,2800,C1ch,634.4764,3084.0,2.738,4.1999,40.197,3086,2015-07-20 21:31:20.095536
Cell3,2800,C1dc,655.8548,3192.81,4.191,2.7002,40.379,3194,2015-07-20 20:38:07.238301
Cell3,2800,OCVch,662.4091,59523.56,2.7023,4.1999,40.085,11906,2015-07-21 23:44:21.948520
Cell3,2800,OCVdc,660.8131,59561.59,4.191,2.7,40.098,11913,2015-07-21 07:11:40.310924
Cell3,2900,C1ch,631.2939,3068.42,2.7383,4.1998,40.171,3070,2015-08-01 19:46:51.901623
Cell3,2900,C1dc,651.9694,3173.92,4.1904,2.6998,40.353,3175,2015-08-01 18:53:57.928062
Cell3,2900,OCVch,659.7965,59286.85,2.7021,4.1999,40.092,11859,2015-08-02 21:54:30.846773
Cell3,2900,OCVdc,657.2963,59246.84,4.1907,2.6999,40.081,11851,2015-08-02 05:27:03.958163
Cell3,3000,C1ch,629.3235,3058.89,2.7383,4.1998,40.233,3060,2015-08-08 19:41:42.214970
Cell3,3000,C1dc,650.9774,3169.07,4.1911,2.7001,40.412,3171,2015-08-08 18:48:53.094652
Cell3,3000,OCVch,657.8092,59108.45,2.7025,4.2001,40.115,11823,2015-08-09 21:47:05.214006
Cell3,3000,OCVdc,655.862,59116.01,4.1912,2.7001,40.13,11824,2015-08-09 05:21:49.149048
Cell3,3100,C1ch,626.7831,3046.55,2.7385,4.1999,40.211,3048,2015-08-15 19:49:38.655174
Cell3,3100,C1dc,648.7293,3158.17,4.1906,2.7,40.386,3160,2015-08-15 18:57:00.433700
Cell3,3100,OCVch,655.4327,58894.59,2.7021,4.2001,40.106,11780,2015-08-16 21:52:13.860662
Cell3,3100,OCVdc,653.9141,58941.53,4.1909,2.7001,40.119,11789,2015-08-16 05:29:52.279580
Cell3,3200,C1ch,623.7088,3031.49,2.7386,4.1999,40.207,3033,2015-08-24 19:32:44.050227
Cell3,3200,C1dc,645.0933,3140.41,4.1898,2.7001,40.4,3142,2015-08-24 18:40:23.588665
Cell3,3200,OCVch,653.0223,58677.1,2.7022,4.1999,40.087,11737,2015-08-25 21:30:32.867930
Cell3,3200,OCVdc,650.7701,58659.44,4.1906,2.7002,40.103,11733,2015-08-25 05:12:53.374968
Cell3,3500,C1ch,617.4529,3001.27,2.7385,4.1999,40.118,3003,2015-09-16 15:20:09.193230
Cell3,3500,C1dc,638.1806,3106.74,4.1892,2.7005,40.274,3108,2015-09-16 14:28:22.398263
Cell3,3500,OCVch,642.5705,57743.56,2.7029,4.1998,24.974,11550,2015-09-17 17:07:14.510441
Cell3,3500,OCVdc,644.1793,58061.91,4.1905,2.7001,39.545,11614,2015-09-17 00:59:32.551171
Cell3,3600,C1ch,615.912,2993.67,2.7384,4.2,40.117,2995,2015-09-23 14:33:57.703022
Cell3,3600,C1dc,637.748,3104.88,4.1906,2.6999,40.297,3106,2015-09-23 13:42:12.768214
Cell3,3600,OCVch,644.734,57931.04,2.7027,4.1998,40.028,11587,2015-09-24 16:19:08.013937
Cell3,3600,OCVdc,642.9198,57954.62,4.1908,2.7002,40.033,11592,2015-09-24 00:13:13.339551
Cell3,3700,C1ch,612.2899,2976.05,2.7382,4.2,39.692,2978,2015-09-30 14:06:42.527925
Cell3,3700,C1dc,635.8981,3095.86,4.1904,2.7003,40.353,3097,2015-09-30 13:15:06.621351
Cell3,3700,OCVch,638.8406,57401.27,2.7038,4.1997,24.026,11481,2015-10-01 15:48:07.133817
Cell3,3700,OCVdc,640.0208,57693.49,4.1918,2.7003,23.938,11540,2015-09-30 23:46:33.589347
Cell3,3800,C1ch,611.1571,2970.42,2.7385,4.1999,40.178,2972,2015-10-12 18:22:17.137829
Cell3,3800,C1dc,632.342,3078.47,4.1896,2.7,40.374,3080,2015-10-12 17:30:58.619071
Cell3,3800,OCVch,640.715,57570.06,2.7024,4.1999,40.044,11516,2015-10-13 20:00:23.617588
Cell3,3800,OCVdc,638.3488,57543.25,4.1905,2.7,40.055,11510,2015-10-13 04:01:20.317777
Cell3,3900,C1ch,609.5205,2962.6,2.7386,4.1999,40.182,2964,2015-10-19 17:26:10.833990
Cell3,3900,C1dc,631.7149,3075.45,4.1904,2.6998,40.368,3077,2015-10-19 16:34:55.332355
Cell3,3900,OCVch,638.674,57387.32,2.7026,4.2,40.058,11479,2015-10-20 19:02:08.645990
Cell3,3900,OCVdc,636.9371,57414.8,4.1909,2.6999,40.074,11484,2015-10-20 03:05:13.796940
Cell3,4000,C1ch,607.1033,2950.83,2.7389,4.1999,40.217,2952,2015-10-26 16:44:23.126429
Cell3,4000,C1dc,629.6603,3065.45,4.1902,2.7001,40.396,3067,2015-10-26 15:53:17.627808
Cell3,4000,OCVch,636.9313,57230.23,2.7024,4.1998,40.09,11447,2015-10-27 18:18:01.265187
Cell3,4000,OCVdc,635.2833,57265.84,4.1905,2.7001,40.102,11454,2015-10-27 02:23:35.375509
Cell3,4100,C1ch,604.5794,2938.45,2.7392,4.1998,40.205,2940,2015-11-04 11:39:18.675834
Cell3,4100,C1dc,626.6625,3050.8,4.1889,2.6998,40.401,3052,2015-11-04 10:48:27.827666
Cell3,4100,OCVch,635.2092,57074.07,2.7023,4.1999,40.077,11416,2015-11-05 13:09:31.660133
Cell3,4100,OCVdc,632.9282,57054.54,4.1901,2.7,40.095,11412,2015-11-04 21:18:37.071974
Cell3,4200,C1ch,603.0115,2930.95,2.7392,4.1999,40.217,2932,2015-11-11 16:24:29.676636
Cell3,4200,C1dc,625.6676,3045.86,4.1893,2.6999,40.408,3047,2015-11-11 15:33:43.767870
Cell3,4200,OCVch,633.2966,56906.3,2.7026,4.1998,40.088,11383,2015-11-12 17:52:30.339765
Cell3,4200,OCVdc,631.4564,56917.38,4.1901,2.7002,40.108,11385,2015-11-12 02:03:52.906968
Cell3,4300,C1ch,600.4328,2918.35,2.7394,4.1999,40.192,2920,2015-11-18 15:09:15.851984
Cell3,4300,C1dc,623.8029,3036.98,4.1894,2.7,40.383,3038,2015-11-18 14:18:38.818095
Cell3,4300,OCVch,631.788,56766.45,2.7025,4.1997,40.066,11354,2015-11-19 16:35:09.018913
Cell3,4300,OCVdc,629.8903,56781.46,4.1899,2.7002,40.077,11357,2015-11-19 00:48:47.512093
Cell3,4400,C1ch,598.272,2907.91,2.7398,4.1999,40.19,2909,2015-11-25 14:09:13.262020
Cell3,4400,C1dc,621.8626,3027.51,4.1889,2.6998,40.388,3029,2015-11-25 13:18:45.703949
Cell3,4400,OCVch,629.9937,56607.31,2.7024,4.2,40.071,11323,2015-11-26 15:32:36.656667
Cell3,4400,OCVdc,628.196,56627.18,4.1901,2.7,40.074,11326,2015-11-25 23:48:49.427073
Cell3,4500,C1ch,595.3413,2893.57,2.7396,4.1999,40.188,2895,2015-12-03 13:20:12.381632
Cell3,4500,C1dc,618.4472,3010.84,4.1876,2.7001,40.384,3012,2015-12-03 12:30:01.493669
Cell3,4500,OCVch,627.9707,56424.68,2.7025,4.1997,40.051,11286,2015-12-04 14:39:45.590886
Cell3,4500,OCVdc,625.6015,56394.38,4.1896,2.7002,40.062,11280,2015-12-03 22:59:51.163972
Cell3,4600,C1ch,593.3875,2884.15,2.7399,4.1999,40.159,2886,2015-12-10 11:51:00.657401
Cell3,4600,C1dc,617.3971,3005.82,4.1886,2.6998,40.348,3007,2015-12-10 11:00:54.789477
Cell3,4600,OCVch,625.9191,56240.16,2.7025,4.1997,40.033,11249,2015-12-11 13:08:10.476375
Cell3,4600,OCVdc,624.0113,56251.78,4.1898,2.7,40.043,11251,2015-12-10 21:30:38.648707
Cell3,4800,C1ch,589.3171,2864.33,2.7404,4.1998,40.19,2866,2015-12-26 13:00:18.463928
Cell3,4800,C1dc,613.8286,2988.49,4.1885,2.7001,40.373,2990,2015-12-26 12:10:29.922554
Cell3,4800,OCVch,622.6915,55948.2,2.7025,4.1997,40.057,11191,2015-12-27 14:12:49.197863
Cell3,4800,OCVdc,620.8075,55964.38,4.1897,2.7,40.066,11194,2015-12-26 22:40:04.771212
Cell3,5000,C1ch,584.544,2841.32,2.7406,4.2,40.159,2843,2016-01-19 17:51:43.751032
Cell3,5000,C1dc,608.9249,2964.47,4.1872,2.7001,40.345,2966,2016-01-19 17:02:19.228468
Cell3,5000,OCVch,618.5391,55583.19,2.7026,4.1999,39.997,11118,2016-01-20 18:57:14.664492
Cell3,5000,OCVdc,616.1359,55537.58,4.1891,2.7,40.013,11109,2016-01-20 03:31:37.036180
Cell3,5100,C1ch,582.3691,2830.66,2.741,4.2,40.128,2832,2016-01-26 15:18:57.833056
Cell3,5100,C1dc,607.5596,2958.12,4.188,2.7001,40.34,2960,2016-01-26 14:29:39.663464
Cell3,5100,OCVch,617.0463,55441.94,2.7025,4.1999,40.019,11089,2016-01-27 16:22:47.916596
Cell3,5100,OCVdc,614.907,55432.72,4.1892,2.7,40.08,11088,2016-01-27 00:58:55.146536
Cell3,5200,C1ch,580.2034,2820.23,2.7412,4.1999,40.24,2822,2016-02-07 17:40:13.233826
Cell3,5200,C1dc,604.4512,2942.86,4.1866,2.6998,40.422,2944,2016-02-07 16:51:10.326061
Cell3,5200,OCVch,615.3081,55291.16,2.7025,4.1998,40.101,11060,2016-02-08 18:39:58.886968
Cell3,5200,OCVdc,612.4505,55207.26,4.1887,2.7001,40.12,11043,2016-02-08 03:19:51.581165
Cell3,5300,C1ch,579.2706,2815.6,2.7409,4.1999,40.234,2817,2016-02-14 14:59:41.504164
Cell3,5300,C1dc,604.3594,2942.58,4.188,2.7001,40.438,2944,2016-02-14 14:10:38.868958
Cell3,5300,OCVch,613.4982,55124.1,2.7025,4.1997,40.099,11026,2016-02-15 15:57:55.804925
Cell3,5300,OCVdc,611.4003,55117.5,4.1895,2.7002,40.113,11025,2016-02-15 00:39:18.250868
Cell3,5400,C1ch,577.1581,2805.36,2.7411,4.1999,40.235,2807,2016-02-21 12:15:00.063143
Cell3,5400,C1dc,602.5055,2933.65,4.1878,2.7003,40.442,2935,2016-02-21 11:26:06.358144
Cell3,5400,OCVch,612.064,54995.82,2.7026,4.1999,40.134,11000,2016-02-22 13:11:06.368933
Cell3,5400,OCVdc,609.9151,54983.25,4.1889,2.7001,40.128,10998,2016-02-21 21:54:43.063786
Cell3,5500,C1ch,574.2644,2791.26,2.7415,4.1997,40.272,2793,2016-03-05 00:34:41.964829
Cell3,5500,C1dc,599.4989,2918.8,4.1862,2.6999,40.475,2920,2016-03-04 23:46:03.117665
Cell3,5500,OCVch,610.6694,54871.54,2.7027,4.1996,40.126,10976,2016-03-06 01:27:49.850062
Cell3,5500,OCVdc,607.7692,54788.12,4.1881,2.7003,40.157,10959,2016-03-05 10:14:41.684170
Cell3,5600,C1ch,573.8364,2789.23,2.7415,4.1999,40.251,2791,2016-03-11 21:40:58.700937
Cell3,5600,C1dc,599.6266,2919.52,4.1875,2.6999,40.474,2921,2016-03-11 20:52:19.125704
Cell3,5600,OCVch,609.123,54732.2,2.7026,4.2,40.132,10948,2016-03-12 22:32:50.819763
Cell3,5600,OCVdc,607.0082,54720.01,4.1891,2.7001,40.175,10945,2016-03-12 07:20:50.756027
Cell3,5700,C1ch,571.9932,2780.24,2.7418,4.1999,40.29,2782,2016-03-18 18:43:07.309613
Cell3,5700,C1dc,597.947,2911.43,4.1872,2.7,40.499,2913,2016-03-18 17:54:35.827377
Cell3,5700,OCVch,607.697,54603.76,2.7026,4.1998,40.136,10922,2016-03-19 19:32:49.191549
Cell3,5700,OCVdc,605.5527,54588.94,4.189,2.7001,40.172,10919,2016-03-19 04:23:00.201643
Cell3,5800,C1ch,569.9564,2770.27,2.7418,4.1997,40.31,2772,2016-03-25 19:48:44.211032
Cell3,5800,C1dc,595.6181,2899.94,4.1861,2.7001,40.496,2901,2016-03-25 19:00:24.225061
Cell3,5800,OCVch,606.1986,54467.96,2.7025,4.1999,40.144,10895,2016-03-26 20:35:56.658754
Cell3,5800,OCVdc,603.7782,54429.87,4.1885,2.7003,40.182,10887,2016-03-26 05:28:46.741171
Cell3,5900,C1ch,567.729,2759.48,2.742,4.1999,40.274,2761,2016-04-01 16:41:30.005330
Cell3,5900,C1dc,594.1607,2892.96,4.1869,2.7001,40.479,2894,2016-04-01 15:53:16.997868
Cell3,5900,OCVch,604.6083,54324.2,2.7027,4.2,40.177,10866,2016-04-02 17:26:41.347845
Cell3,5900,OCVdc,602.4579,54311.09,4.1886,2.7001,40.188,10863,2016-04-02 02:21:30.207610
Cell3,6000,C1ch,565.7342,2749.78,2.7422,4.1998,40.295,2751,2016-04-08 13:29:40.445369
Cell3,6000,C1dc,592.2878,2883.93,4.1868,2.7001,40.487,2885,2016-04-08 12:41:36.467499
Cell3,6000,OCVch,603.0828,54188.03,2.7026,4.1996,40.136,10839,2016-04-09 14:12:21.291507
Cell3,6000,OCVdc,600.7725,54159.33,4.1886,2.7001,40.157,10833,2016-04-08 23:09:41.911190
Cell3,6100,C1ch,562.8486,2735.82,2.7423,4.1998,40.43,2737,2016-04-16 15:12:56.345628
Cell3,6100,C1dc,589.3378,2869.26,4.1846,2.7003,40.622,2871,2016-04-16 14:25:07.036267
Cell3,6100,OCVch,601.655,54063.11,2.7027,4.1998,40.28,10814,2016-04-17 15:52:46.459469
Cell3,6100,OCVdc,598.7427,53971.63,4.1874,2.7,40.295,10796,2016-04-17 00:53:14.774766
Cell3,6200,C1ch,562.1106,2732.18,2.7424,4.2,40.402,2734,2016-04-23 11:50:59.320505
Cell3,6200,C1dc,588.8489,2867.07,4.1862,2.7,40.614,2869,2016-04-23 11:03:12.202210
Cell3,6200,OCVch,599.9851,53910.43,2.7026,4.1997,40.225,10783,2016-04-24 12:28:31.141181
Cell3,6200,OCVdc,597.4267,53857.66,4.1879,2.7002,40.256,10773,2016-04-23 21:30:53.433791
Cell3,6300,C1ch,560.2829,2723.31,2.7426,4.2,40.389,2725,2016-04-30 08:24:43.320192
Cell3,6300,C1dc,587.1627,2858.93,4.1858,2.6998,40.593,2860,2016-04-30 07:37:04.340275
Cell3,6300,OCVch,598.7365,53798.04,2.7026,4.2001,40.236,10761,2016-05-01 09:00:22.032128
Cell3,6300,OCVdc,596.1499,53742.27,4.1879,2.7001,40.274,10750,2016-04-30 18:04:39.709809
Cell3,6400,C1ch,557.7023,2710.61,2.7428,4.2001,40.454,2712,2016-05-09 12:11:55.726222
Cell3,6400,C1dc,584.8877,2847.69,4.1844,2.7,40.644,2849,2016-05-09 11:24:27.983260
Cell3,6400,OCVch,597.7331,53703.82,2.7026,4.1999,40.312,10742,2016-05-10 12:46:02.617936
Cell3,6400,OCVdc,594.7469,53616.67,4.1868,2.7002,40.33,10725,2016-05-09 21:52:25.894172
Cell3,6500,C1ch,557.3781,2709.09,2.743,4.1999,40.433,2711,2016-05-16 08:37:41.650923
Cell3,6500,C1dc,584.6155,2846.53,4.186,2.7002,40.658,2848,2016-05-16 07:50:15.073796
Cell3,6500,OCVch,595.9283,53542.05,2.7025,4.2,40.296,10709,2016-05-17 09:09:10.986842
Cell3,6500,OCVdc,593.3209,53489.61,4.1879,2.7002,40.324,10699,2016-05-16 18:17:41.321401
Cell3,6600,C1ch,555.6053,2700.39,2.7432,4.2002,40.442,2702,2016-05-23 04:58:24.864058
Cell3,6600,C1dc,582.9968,2838.7,4.1859,2.7,40.653,2840,2016-05-23 04:11:06.112718
Cell3,6600,OCVch,594.6168,53421.39,2.7029,4.1997,40.324,10685,2016-05-24 05:27:59.950718
Cell3,6600,OCVdc,591.9958,53371.49,4.1876,2.7004,40.338,10675,2016-05-23 14:38:28.410667
Cell3,6700,C1ch,556.1284,2702.92,2.7432,4.2,40.443,2704,2016-06-09 12:19:25.597228
Cell3,6700,C1dc,582.4711,2835.9,4.1842,2.7003,40.623,2837,2016-06-09 11:32:09.643258
Cell3,6700,OCVch,594.0666,53372.88,2.7025,4.1998,40.317,10676,2016-06-10 12:46:53.789998
Cell3,6700,OCVdc,590.8558,53266.09,4.1868,2.7,40.328,10655,2016-06-09 21:59:07.651970
Cell3,6800,C1ch,555.6866,2700.72,2.7433,4.2,40.425,2702,2016-06-16 08:32:09.393692
Cell3,6800,C1dc,582.6698,2837.12,4.1862,2.6999,40.656,2839,2016-06-16 07:44:52.220357
Cell3,6800,OCVch,592.2412,53204.75,2.7026,4.1997,40.305,10642,2016-06-17 08:57:52.538631
Cell3,6800,OCVdc,589.7459,53171.51,4.1879,2.7002,40.319,10635,2016-06-16 18:11:40.982006
Cell3,6900,C1ch,553.9328,2692.13,2.743,4.1998,40.451,2694,2016-06-23 04:40:12.739243
Cell3,6900,C1dc,581.1245,2829.68,4.1859,2.6999,40.671,2831,2016-06-23 03:53:03.005095
Cell3,6900,OCVch,591.1725,53108.16,2.7026,4.1997,40.305,10623,2016-06-24 05:04:23.002369
Cell3,6900,OCVdc,588.6367,53072.12,4.188,2.7,40.327,10616,2016-06-23 14:19:50.828698
Cell3,7000,C1ch,551.0499,2678.08,2.7442,4.2001,40.421,2680,2016-07-04 17:30:28.867633
Cell3,7000,C1dc,578.7012,2817.75,4.1838,2.7,40.623,2819,2016-07-04 16:43:31.070666
Cell3,7000,OCVch,590.45,53043.61,2.7029,4.2001,40.286,10610,2016-07-05 17:53:14.028112
Cell3,7000,OCVdc,587.2763,52950.17,4.1867,2.7002,40.275,10592,2016-07-05 03:10:43.807572
Cell3,7100,C1ch,551.1723,2678.67,2.7437,4.2,40.475,2680,2016-07-11 14:52:32.956247
Cell3,7100,C1dc,580.2683,2825.5,4.1884,2.6999,40.649,2827,2016-07-11 14:05:27.408688
Cell3,7100,OCVch,589.0835,52919.8,2.7027,4.1998,40.305,10585,2016-07-12 15:14:09.287819
Cell3,7100,OCVdc,586.7557,52903.19,4.1882,2.7002,40.32,10582,2016-07-12 00:32:26.049774
Cell3,7200,C1ch,549.4368,2670.23,2.7442,4.2001,40.463,2672,2016-07-18 10:51:44.414590
Cell3,7200,C1dc,577.6092,2812.48,4.1856,2.6997,40.688,2814,2016-07-18 10:04:51.884030
Cell3,7200,OCVch,588.0551,52826.15,2.7027,4.1997,40.366,10566,2016-07-19 11:11:43.339761
Cell3,7200,OCVdc,585.538,52791.83,4.1876,2.7002,40.35,10559,2016-07-18 20:31:51.460466
Cell3,7300,C1ch,547.6232,2661.54,2.7444,4.1998,40.439,2663,2016-07-25 06:46:59.386307
Cell3,7300,C1dc,575.9966,2804.79,4.1856,2.7,40.674,2806,2016-07-25 06:00:14.548121
Cell3,7300,OCVch,587.0453,52738.14,2.7027,4.1998,40.294,10549,2016-07-26 07:05:15.183139
Cell3,7300,OCVdc,584.3001,52680.62,4.1873,2.7,40.32,10537,2016-07-25 16:27:14.513108
Cell3,7400,C1ch,545.7595,2652.4,2.7447,4.2,40.496,2654,2016-08-01 11:43:21.788828
Cell3,7400,C1dc,574.076,2795.26,4.1836,2.6999,40.698,2797,2016-08-01 10:56:46.478261
Cell3,7400,OCVch,585.9719,52640.73,2.7026,4.1998,40.311,10530,2016-08-02 12:00:06.863783
Cell3,7400,OCVdc,583.0205,52566.06,4.1866,2.7001,40.302,10515,2016-08-01 21:24:00.753571
Cell3,7500,C1ch,544.3291,2645.51,2.7448,4.1999,40.479,2647,2016-08-08 07:32:43.710599
Cell3,7500,C1dc,573.0825,2790.5,4.1852,2.6999,40.682,2792,2016-08-08 06:46:13.157207
Cell3,7500,OCVch,584.6337,52520.67,2.7028,4.1999,40.299,10505,2016-08-09 07:47:33.271535
Cell3,7500,OCVdc,581.9425,52468.7,4.1871,2.7001,40.328,10495,2016-08-08 17:13:04.521447
Cell3,7600,C1ch,542.6947,2637.51,2.7452,4.1998,40.484,2639,2016-08-15 03:18:15.533617
Cell3,7600,C1dc,571.5622,2783.16,4.1847,2.6999,40.688,2785,2016-08-15 02:31:52.327591
Cell3,7600,OCVch,583.456,52414.78,2.7027,4.1999,40.322,10484,2016-08-16 03:31:29.744880
Cell3,7600,OCVdc,580.8192,52366.96,4.1872,2.6999,40.336,10474,2016-08-15 12:58:42.730390
Cell3,7700,C1ch,540.5556,2627.07,2.7453,4.2,40.476,2629,2016-08-22 16:57:38.581841
Cell3,7700,C1dc,569.8652,2774.68,4.1828,2.7001,40.635,2776,2016-08-22 16:11:23.853871
Cell3,7700,OCVch,582.9016,52364.24,2.7028,4.2001,40.333,10474,2016-08-23 17:10:13.635450
Cell3,7700,OCVdc,579.8754,52282.06,4.1862,2.7001,40.326,10458,2016-08-23 02:38:51.521978
Cell3,7800,C1ch,539.8711,2623.8,2.7455,4.2,40.454,2625,2016-08-29 12:37:34.524696
Cell3,7800,C1dc,569.3135,2772.12,4.1843,2.6999,40.639,2774,2016-08-29 11:51:22.356479
Cell3,7800,OCVch,581.341,52223.85,2.7025,4.1999,40.334,10446,2016-08-30 12:47:51.875763
Cell3,7800,OCVdc,578.6961,52175.55,4.187,2.7001,40.341,10436,2016-08-29 22:18:16.273914
Cell3,7900,C1ch,538.3529,2616.4,2.7457,4.2,40.441,2618,2016-09-05 08:13:28.647448
Cell3,7900,C1dc,567.8694,2765.18,4.1843,2.7001,40.634,2767,2016-09-05 07:27:23.412004
Cell3,7900,OCVch,580.3124,52130.45,2.703,4.1999,40.324,10427,2016-09-06 08:22:07.946110
Cell3,7900,OCVdc,577.5382,52073.1,4.1869,2.6999,40.333,10416,2016-09-05 17:54:14.792196
Cell3,8000,C1ch,536.0941,2605.29,2.7459,4.1998,40.494,2607,2016-09-13 15:41:38.453628
Cell3,8000,C1dc,566.4619,2758.15,4.1826,2.7001,40.67,2760,2016-09-13 14:55:40.248864
Cell3,8000,OCVch,580.1467,52114.43,2.7027,4.1999,40.341,10424,2016-09-14 15:50:25.429697
Cell3,8000,OCVdc,577.0187,52025.75,4.1858,2.6999,40.344,10407,2016-09-14 01:23:19.630767
Cell3,8100,C1ch,535.9892,2604.88,2.7461,4.1999,40.429,2606,2016-09-20 11:14:02.105836
Cell3,8100,C1dc,565.8573,2755.38,4.1842,2.7001,40.613,2757,2016-09-20 10:28:06.680196
Cell3,8100,OCVch,578.2263,51942.99,2.7029,4.2,40.305,10390,2016-09-21 11:19:37.775852
Cell3,8100,OCVdc,575.3851,51879.7,4.1867,2.7,40.315,10377,2016-09-20 20:54:58.021443
Cell4,0,C1ch,721.1165,3502.05,2.7189,4.1999,40.473,3504,2014-12-21 20:35:08.265414
Cell4,0,C1dc,734.0756,3573.63,4.1899,2.7001,40.808,3575,2014-12-21 19:35:34.631458
Cell4,0,OCVch,743.4831,68149.16,2.7011,4.1998,40.339,13631,2014-12-23 00:20:24.331903
Cell4,0,OCVdc,735.9783,64828.17,4.1861,2.7,40.361,12967,2014-12-22 06:19:56.164775
Cell4,100,C1ch,712.0679,3459.1,2.7198,4.1999,40.439,3461,2014-12-29 00:41:23.634487
Cell4,100,C1dc,725.6896,3532.85,4.1919,2.6998,40.764,3534,2014-12-28 23:42:30.782999
Cell4,100,OCVch,737.0585,67695.98,2.7013,4.1997,40.314,13540,2014-12-30 04:17:41.546049
Cell4,100,OCVdc,731.3672,64362.07,4.1889,2.7,40.342,12873,2014-12-29 10:24:59.477892
Cell4,200,C1ch,706.9871,3434.49,2.72,4.1999,40.417,3436,2015-01-05 04:30:53.317645
Cell4,200,C1dc,720.5209,3508.22,4.1921,2.7,40.757,3510,2015-01-05 03:32:25.093463
Cell4,200,OCVch,731.2319,66910.08,2.7012,4.2002,40.34,13383,2015-01-06 08:02:35.317879
Cell4,200,OCVdc,727.1176,64121.68,4.1899,2.7002,40.346,12825,2015-01-05 14:13:53.640805
Cell4,300,C1ch,703.2141,3415.99,2.7204,4.2001,40.436,3417,2015-01-13 20:01:59.437426
Cell4,300,C1dc,716.8994,3489.67,4.1918,2.6999,40.755,3491,2015-01-13 19:03:49.768475
Cell4,300,OCVch,726.5756,66742.63,2.7012,4.1999,40.308,13350,2015-01-14 23:21:35.970111
Cell4,300,OCVdc,721.4219,63409.75,4.19,2.7001,40.333,12683,2015-01-14 05:44:46.223977
Cell4,400,C1ch,697.5632,3388.34,2.7207,4.1997,40.413,3390,2015-01-20 23:18:28.222568
Cell4,400,C1dc,711.609,3464.2,4.1924,2.7,40.745,3466,2015-01-20 22:20:44.023193
Cell4,400,OCVch,721.5194,66102.35,2.7014,4.1999,40.321,13221,2015-01-22 02:35:18.673163
Cell4,400,OCVdc,717.8026,63272.86,4.1908,2.7003,40.34,12656,2015-01-21 09:00:45.814075
Cell4,500,C1ch,693.4314,3368.05,2.7212,4.1999,40.422,3370,2015-01-28 02:20:48.571807
Cell4,500,C1dc,707.5381,3444.89,4.1926,2.7001,40.75,3446,2015-01-28 01:23:23.683139
Cell4,500,OCVch,717.2005,65774.07,2.7015,4.1999,40.323,13156,2015-01-29 05:31:21.010853
Cell4,500,OCVdc,713.9107,62915.18,4.1909,2.7002,40.352,12584,2015-01-28 12:02:45.830261
Cell4,600,C1ch,689.3232,3349.02,2.7211,4.2001,40.41,3351,2015-02-04 05:11:29.720955
Cell4,600,C1dc,703.3675,3424.1,4.1928,2.7,40.739,3426,2015-02-04 04:14:25.621654
Cell4,600,OCVch,712.9976,65431.36,2.7013,4.1999,40.308,13087,2015-02-05 08:13:37.388529
Cell4,600,OCVdc,709.6554,62429.11,4.1909,2.7001,40.336,12487,2015-02-04 14:53:08.274834
Cell4,700,C1ch,684.6807,3330.22,2.7361,4.2002,40.444,3332,2015-02-11 19:57:50.291825
Cell4,700,C1dc,701.7227,3414.18,4.1921,2.6999,40.766,3416,2015-02-11 19:00:56.061270
Cell4,700,OCVch,709.4121,63827.18,2.7022,4.1998,40.335,12767,2015-02-12 23:18:43.833507
Cell4,700,OCVdc,706.0699,63580.55,4.1909,2.7002,40.349,12718,2015-02-12 05:39:03.228171
Cell4,800,C1ch,680.5216,3310.07,2.7361,4.1999,40.456,3312,2015-02-18 22:25:49.350213
Cell4,800,C1dc,698.0058,3396.02,4.1925,2.6999,40.767,3398,2015-02-18 21:29:13.274769
Cell4,800,OCVch,705.9948,63521.6,2.7024,4.1998,40.338,12705,2015-02-20 01:41:33.005897
Cell4,800,OCVdc,702.9027,63291.83,4.1911,2.6999,40.364,12659,2015-02-19 08:06:41.128636
Cell4,900,C1ch,676.9139,3292.53,2.7359,4.2,40.45,3294,2015-02-26 00:43:14.644345
Cell4,900,C1dc,694.5156,3379.12,4.1925,2.7,40.765,3381,2015-02-25 23:46:55.471576
Cell4,900,OCVch,702.266,63183.08,2.7021,4.1998,40.346,12638,2015-02-27 03:53:37.514805
Cell4,900,OCVdc,699.4514,62984.28,4.1912,2.7002,40.373,12598,2015-02-26 10:23:53.187304
Cell4,1000,C1ch,673.1333,3274.28,2.7358,4.1999,40.432,3276,2015-03-05 02:49:13.686728
Cell4,1000,C1dc,690.9175,3361.61,4.1924,2.6998,40.746,3363,2015-03-05 01:53:12.023932
Cell4,1000,OCVch,698.6557,62861.89,2.7021,4.1998,40.328,12573,2015-03-06 05:53:59.274668
Cell4,1000,OCVdc,695.8132,62656.0,4.1911,2.7001,40.352,12532,2015-03-05 12:29:43.226306
Cell4,1100,C1ch,669.2545,3255.32,2.7357,4.1998,40.483,3257,2015-03-12 04:43:03.587623
Cell4,1100,C1dc,687.1888,3343.73,4.1921,2.6999,40.796,3345,2015-03-12 03:47:19.811915
Cell4,1100,OCVch,695.0142,62529.52,2.7025,4.1999,40.357,12507,2015-03-13 07:42:21.052257
Cell4,1100,OCVdc,692.2324,62336.91,4.1911,2.7002,40.384,12469,2015-03-12 14:23:24.093957
Cell4,1200,C1ch,664.8752,3234.16,2.7359,4.2,40.45,3236,2015-03-19 06:26:32.529111
Cell4,1200,C1dc,682.9508,3323.12,4.1921,2.7,40.763,3325,2015-03-19 05:31:09.355957
Cell4,1200,OCVch,690.6543,62135.57,2.7022,4.1999,40.351,12429,2015-03-20 09:19:11.479673
Cell4,1200,OCVdc,687.9894,61951.11,4.1912,2.7,40.336,12392,2015-03-19 16:06:40.315337
Cell4,1300,C1ch,660.7293,3213.96,2.7359,4.1999,40.433,3215,2015-03-26 07:55:51.089253
Cell4,1300,C1dc,678.9738,3303.92,4.1915,2.7,40.785,3305,2015-03-26 07:00:47.122050
Cell4,1300,OCVch,686.8935,61806.15,2.7022,4.1998,40.316,12363,2015-03-27 10:42:55.254043
Cell4,1300,OCVdc,684.3295,61623.58,4.1908,2.7002,40.348,12326,2015-03-26 17:35:51.626233
Cell4,1400,C1ch,656.5154,3193.52,2.7357,4.2002,40.426,3195,2015-04-02 09:14:13.090585
Cell4,1400,C1dc,674.7947,3283.55,4.1912,2.6999,40.785,3285,2015-04-02 08:19:29.492071
Cell4,1400,OCVch,682.9346,61441.09,2.7025,4.1998,40.363,12290,2015-04-03 11:55:05.485353
Cell4,1400,OCVdc,680.2829,61260.08,4.1908,2.7001,40.377,12253,2015-04-02 18:54:05.352383
Cell4,1600,C1ch,649.0225,3156.47,2.7359,4.2001,40.505,3158,2015-04-17 14:08:49.565427
Cell4,1600,C1dc,667.0887,3245.93,4.1901,2.7001,40.823,3247,2015-04-17 13:14:43.585266
Cell4,1600,OCVch,675.4313,60759.71,2.7022,4.2,40.387,12153,2015-04-18 16:38:15.800067
Cell4,1600,OCVdc,672.7243,60585.78,4.1904,2.7001,40.406,12119,2015-04-17 23:48:29.964767
Cell4,1800,C1ch,640.7434,3116.33,2.7358,4.1999,40.498,3118,2015-05-04 18:57:24.964829
Cell4,1800,C1dc,659.5061,3208.88,4.19,2.6999,40.81,3210,2015-05-04 18:03:56.036066
Cell4,1800,OCVch,667.4299,60048.32,2.7023,4.1998,40.337,12011,2015-05-05 21:14:38.178842
Cell4,1800,OCVdc,664.7956,59867.96,4.1903,2.6999,40.385,11975,2015-05-05 04:36:50.167168
Cell4,1900,C1ch,636.9394,3097.75,2.7361,4.1999,40.472,3099,2015-05-12 13:33:43.394634
Cell4,1900,C1dc,655.8003,3190.94,4.1898,2.7,40.769,3192,2015-05-12 12:40:32.405877
Cell4,1900,OCVch,664.0832,59731.85,2.7022,4.1997,40.4,11948,2015-05-13 15:46:03.415920
Cell4,1900,OCVdc,661.4661,59573.53,4.1905,2.7,40.394,11916,2015-05-12 23:13:09.831577
Cell4,2000,C1ch,632.8374,3078.18,2.7364,4.2001,40.42,3080,2015-05-20 13:32:58.840430
Cell4,2000,C1dc,651.8359,3171.43,4.1896,2.7002,40.739,3173,2015-05-20 12:40:07.355068
Cell4,2000,OCVch,660.1821,59397.38,2.7026,4.1996,40.314,11881,2015-05-21 15:39:03.100216
Cell4,2000,OCVdc,657.5252,59208.08,4.1904,2.7,40.318,11843,2015-05-20 23:12:14.971776
Cell4,2100,C1ch,629.3621,3061.11,2.7365,4.1999,40.451,3063,2015-05-27 14:50:55.472135
Cell4,2100,C1dc,649.1323,3158.5,4.1904,2.7,40.789,3160,2015-05-27 13:58:16.923003
Cell4,2100,OCVch,656.7962,59092.26,2.7024,4.1997,40.325,11819,2015-05-28 16:52:18.220865
Cell4,2100,OCVdc,654.5004,58937.97,4.1903,2.7002,40.346,11789,2015-05-28 00:30:00.200887
Cell4,2200,C1ch,625.4201,3041.75,2.7363,4.1999,40.458,3043,2015-06-04 16:32:21.749432
Cell4,2200,C1dc,644.8276,3137.59,4.1891,2.6999,40.769,3139,2015-06-04 15:40:04.111472
Cell4,2200,OCVch,653.5493,58791.12,2.7023,4.1998,40.347,11760,2015-06-05 18:28:14.224566
Cell4,2200,OCVdc,650.7437,58609.09,4.1901,2.7,40.382,11723,2015-06-05 02:11:25.086973
Cell4,2300,C1ch,622.5493,3027.82,2.7364,4.2,40.471,3029,2015-06-11 17:35:13.355247
Cell4,2300,C1dc,642.7346,3127.45,4.19,2.6999,40.805,3129,2015-06-11 16:43:05.850867
Cell4,2300,OCVch,650.5223,58520.65,2.7023,4.2,40.354,11705,2015-06-12 19:27:10.445860
Cell4,2300,OCVdc,648.2927,58384.19,4.1905,2.7001,40.375,11678,2015-06-12 03:14:06.200801
Cell4,2400,C1ch,619.9997,3015.18,2.7366,4.1998,40.493,3017,2015-06-19 16:11:30.500426
Cell4,2400,C1dc,639.7795,3113.21,4.189,2.7,40.809,3115,2015-06-19 15:19:37.244661
Cell4,2400,OCVch,648.6225,58346.18,2.7023,4.1996,40.356,11671,2015-06-20 18:00:05.467663
Cell4,2400,OCVdc,645.872,58171.98,4.19,2.7001,40.386,11636,2015-06-20 01:50:33.433764
Cell4,2500,C1ch,617.2418,3001.81,2.7368,4.1998,40.499,3003,2015-06-26 17:03:28.334641
Cell4,2500,C1dc,637.9125,3104.19,4.1899,2.7,40.834,3106,2015-06-26 16:11:44.093432
Cell4,2500,OCVch,645.7272,58081.73,2.7022,4.1999,40.38,11617,2015-06-27 18:48:32.766770
Cell4,2500,OCVdc,643.666,57972.42,4.1904,2.7002,40.395,11596,2015-06-27 02:42:20.295800
Cell4,2600,C1ch,612.9669,2980.75,2.7371,4.1999,40.517,2982,2015-07-06 20:48:37.301239
Cell4,2600,C1dc,632.8443,3079.64,4.1881,2.6999,40.834,3081,2015-07-06 19:57:17.613075
Cell4,2600,OCVch,642.5624,57797.34,2.7025,4.1997,40.365,11561,2015-07-07 22:27:33.462211
Cell4,2600,OCVdc,639.584,57609.44,4.1894,2.7001,40.394,11523,2015-07-07 06:27:23.974376
Cell4,2700,C1ch,610.556,2969.28,2.7372,4.2,40.501,2971,2015-07-13 21:25:19.244978
Cell4,2700,C1dc,631.3568,3072.26,4.1895,2.6999,40.829,3074,2015-07-13 20:34:06.930934
Cell4,2700,OCVch,639.8304,57550.82,2.7023,4.1998,40.388,11511,2015-07-14 23:00:05.582864
Cell4,2700,OCVdc,637.003,57374.37,4.1895,2.7002,40.409,11476,2015-07-14 07:03:51.163569
Cell4,2800,C1ch,608.2379,2957.97,2.7373,4.1998,40.501,2959,2015-07-20 21:51:54.764005
Cell4,2800,C1dc,629.2343,3062.0,4.1894,2.7001,40.838,3064,2015-07-20 21:00:52.711583
Cell4,2800,OCVch,637.3878,57333.36,2.7024,4.1999,40.373,11468,2015-07-21 23:23:36.368533
Cell4,2800,OCVdc,634.9512,57188.79,4.1895,2.7,40.397,11439,2015-07-21 07:30:27.531544
Cell4,2900,C1ch,604.1495,2938.2,2.7379,4.1998,40.485,2940,2015-08-01 19:45:22.098821
Cell4,2900,C1dc,624.4072,3038.27,4.1874,2.7,40.795,3040,2015-08-01 18:54:43.775661
Cell4,2900,OCVch,634.991,57112.39,2.7025,4.1998,40.38,11424,2015-08-02 21:11:52.598780
Cell4,2900,OCVdc,631.4422,56873.64,4.1887,2.6998,40.381,11376,2015-08-02 05:23:58.907165
Cell4,3000,C1ch,602.7136,2930.79,2.7377,4.1997,40.528,2932,2015-08-08 20:03:44.853913
Cell4,3000,C1dc,624.0242,3036.92,4.1894,2.6998,40.86,3038,2015-08-08 19:13:07.886620
Cell4,3000,OCVch,631.742,56814.58,2.7024,4.1996,40.398,11364,2015-08-09 21:27:03.253627
Cell4,3000,OCVdc,629.4671,56704.21,4.1897,2.7,40.422,11342,2015-08-09 05:41:58.990917
Cell4,3100,C1ch,599.4423,2914.99,2.7377,4.1999,40.508,2916,2015-08-15 20:10:16.429450
Cell4,3100,C1dc,621.0406,3022.23,4.1889,2.6999,40.836,3024,2015-08-15 19:19:54.152371
Cell4,3100,OCVch,629.544,56620.37,2.7025,4.2,40.386,11325,2015-08-16 21:29:32.132844
Cell4,3100,OCVdc,626.7137,56453.14,4.1895,2.7001,40.407,11292,2015-08-16 05:48:38.938607
Cell4,3200,C1ch,596.2103,2899.32,2.738,4.1998,40.506,2901,2015-08-24 19:31:06.543433
Cell4,3200,C1dc,617.4298,3004.53,4.187,2.7,40.823,3006,2015-08-24 18:41:01.965071
Cell4,3200,OCVch,627.361,56427.83,2.7027,4.2,40.368,11287,2015-08-25 20:46:49.810542
Cell4,3200,OCVdc,624.2955,56232.15,4.1885,2.7002,40.39,11248,2015-08-25 05:09:37.607371
Cell4,3300,C1ch,594.6532,2891.95,2.738,4.2,40.487,2893,2015-08-31 19:34:47.586813
Cell4,3300,C1dc,616.6101,3000.59,4.1885,2.7,40.823,3002,2015-08-31 18:44:46.947275
Cell4,3300,OCVch,624.7578,56197.34,2.7022,4.1998,40.335,11241,2015-09-01 20:47:08.448532
Cell4,3300,OCVdc,622.2009,56041.68,4.1892,2.6999,40.379,11209,2015-09-01 05:13:06.716416
Cell4,3500,C1ch,589.2582,2865.7,2.7377,4.1999,40.427,2867,2015-09-16 15:18:32.655633
Cell4,3500,C1dc,610.0098,2968.38,4.1866,2.7,40.712,2970,2015-09-16 14:29:04.229267
Cell4,3500,OCVch,615.9837,55409.83,2.7026,4.1998,25.762,11083,2015-09-17 16:22:34.727279
Cell4,3500,OCVdc,616.9934,55570.5,4.1891,2.7002,40.078,11116,2015-09-17 00:56:24.173768
Cell4,3600,C1ch,587.3145,2856.41,2.738,4.1999,40.417,2858,2015-09-23 14:59:34.480877
Cell4,3600,C1dc,609.0845,2963.87,4.1887,2.7,40.744,2965,2015-09-23 14:10:10.557504
Cell4,3600,OCVch,616.9183,55493.53,2.7022,4.1999,40.307,11100,2015-09-24 15:59:17.101135
Cell4,3600,OCVdc,614.3598,55332.42,4.1893,2.7002,40.322,11068,2015-09-24 00:37:04.634141
Cell4,3700,C1ch,582.3196,2832.0,2.7374,4.1999,38.979,2834,2015-09-30 14:27:43.755523
Cell4,3700,C1dc,606.8422,2953.01,4.1885,2.7,41.091,2955,2015-09-30 13:38:30.695942
Cell4,3700,OCVch,610.862,54944.15,2.7038,4.1999,24.085,10990,2015-10-01 15:23:37.680522
Cell4,3700,OCVdc,611.0377,55035.19,4.1902,2.7,23.996,11008,2015-10-01 00:06:22.437254
Cell4,3800,C1ch,580.8841,2824.89,2.7379,4.1999,40.473,2826,2015-10-12 18:20:42.474230
Cell4,3800,C1dc,602.1429,2930.11,4.1863,2.7001,40.793,2932,2015-10-12 17:31:52.313268
Cell4,3800,OCVch,612.9005,55131.05,2.7024,4.1998,40.321,11028,2015-10-13 19:13:29.584652
Cell4,3800,OCVdc,609.6426,54910.51,4.1883,2.7004,40.344,10984,2015-10-13 03:58:19.025771
Cell4,3900,C1ch,580.0492,2820.87,2.7382,4.1999,40.473,2822,2015-10-19 17:44:06.539601
Cell4,3900,C1dc,602.2591,2930.77,4.1884,2.7,40.798,2932,2015-10-19 16:55:15.722185
Cell4,3900,OCVch,610.49,54912.39,2.7024,4.1999,40.333,10984,2015-10-20 18:33:32.946806
Cell4,3900,OCVdc,607.6557,54731.49,4.1891,2.7,40.359,10947,2015-10-20 03:21:21.407282
Cell4,4000,C1ch,578.2639,2812.07,2.7384,4.2001,40.505,2814,2015-10-26 17:06:29.207880
Cell4,4000,C1dc,600.8081,2923.87,4.1881,2.7,40.836,2925,2015-10-26 16:17:45.287057
Cell4,4000,OCVch,608.8655,54761.0,2.7024,4.1998,40.369,10953,2015-10-27 17:54:23.310969
Cell4,4000,OCVdc,606.4133,54624.52,4.1889,2.7002,40.389,10926,2015-10-27 02:43:58.742913
Cell4,4100,C1ch,574.0775,2791.67,2.7389,4.1996,40.499,2793,2015-11-04 11:37:44.598432
Cell4,4100,C1dc,596.5517,2902.99,4.1861,2.7002,40.813,2904,2015-11-04 10:49:21.557872
Cell4,4100,OCVch,606.6972,54567.15,2.7024,4.1996,40.357,10915,2015-11-05 12:21:49.251609
Cell4,4100,OCVdc,603.6639,54376.64,4.188,2.7002,40.386,10877,2015-11-04 21:15:32.558168
Cell4,4200,C1ch,572.8297,2785.49,2.7387,4.1999,40.508,2787,2015-11-11 16:22:41.254633
Cell4,4200,C1dc,595.6565,2898.82,4.1868,2.7,40.819,2900,2015-11-11 15:34:22.384267
Cell4,4200,OCVch,604.423,54357.1,2.7024,4.2001,40.367,10873,2015-11-12 17:03:42.338457
Cell4,4200,OCVdc,601.6383,54199.76,4.1886,2.7,40.395,10841,2015-11-12 02:00:22.524967
Cell4,4300,C1ch,570.1357,2772.6,2.7392,4.2,40.483,2774,2015-11-18 15:23:12.190075
Cell4,4300,C1dc,593.6653,2888.99,4.1871,2.6999,40.813,2890,2015-11-18 14:35:03.153200
Cell4,4300,OCVch,602.4291,54184.33,2.7023,4.2,40.343,10838,2015-11-19 16:01:21.507903
Cell4,4300,OCVdc,599.7487,54022.66,4.1887,2.7,40.364,10806,2015-11-19 01:00:58.801720
Cell4,4400,C1ch,568.13,2762.83,2.7394,4.1998,40.487,2764,2015-11-25 14:17:08.836638
Cell4,4400,C1dc,591.9132,2880.47,4.1871,2.7001,40.811,2882,2015-11-25 13:29:08.317359
Cell4,4400,OCVch,600.8757,54044.82,2.7025,4.1999,40.348,10810,2015-11-26 14:53:00.869564
Cell4,4400,OCVdc,598.1532,53878.66,4.1886,2.7005,40.36,10777,2015-11-25 23:55:02.154432
Cell4,4500,C1ch,564.5129,2745.27,2.7398,4.2,40.481,2747,2015-12-03 13:18:44.515030
Cell4,4500,C1dc,588.2731,2862.63,4.1849,2.7003,40.792,2864,2015-12-03 12:31:01.830064
Cell4,4500,OCVch,598.9607,53874.01,2.7026,4.1997,40.325,10776,2015-12-04 13:51:32.921965
Cell4,4500,OCVdc,595.8529,53670.2,4.1873,2.7,40.343,10736,2015-12-03 22:57:02.668970
Cell4,4600,C1ch,563.6109,2740.99,2.7397,4.1999,40.447,2742,2015-12-10 12:07:14.339527
Cell4,4600,C1dc,587.8162,2860.48,4.1865,2.7002,40.779,2862,2015-12-10 11:19:33.811631
Cell4,4600,OCVch,597.1007,53708.93,2.7025,4.1998,40.306,10743,2015-12-11 12:37:11.708163
Cell4,4600,OCVdc,594.2114,53520.28,4.1883,2.7002,40.325,10705,2015-12-10 21:45:11.376955
Cell4,4800,C1ch,559.8291,2722.48,2.7401,4.1999,40.479,2724,2015-12-26 13:19:08.297490
Cell4,4800,C1dc,584.5268,2844.58,4.1865,2.7002,40.806,2846,2015-12-26 12:31:43.662205
Cell4,4800,OCVch,593.7668,53405.16,2.7026,4.1999,40.329,10682,2015-12-27 13:44:29.452546
Cell4,4800,OCVdc,591.0016,53235.14,4.1882,2.7002,40.346,10648,2015-12-26 22:57:14.261051
Cell4,5000,C1ch,557.4281,2710.87,2.7407,4.2,40.447,2712,2016-01-19 17:50:32.935433
Cell4,5000,C1dc,582.3379,2833.9,4.1844,2.6999,40.755,2835,2016-01-19 17:03:18.989067
Cell4,5000,OCVch,593.0556,53345.02,2.7026,4.2,40.27,10671,2016-01-20 18:15:00.697488
Cell4,5000,OCVdc,589.9604,53140.0,4.1874,2.7001,40.293,10630,2016-01-20 03:29:20.647370
Cell4,5100,C1ch,555.5754,2702.1,2.7412,4.2001,40.419,2704,2016-01-26 14:08:52.929943
Cell4,5100,C1dc,581.2338,2828.7,4.1853,2.7001,40.759,2830,2016-01-26 13:21:44.177795
Cell4,5100,OCVch,591.4748,53201.78,2.7026,4.1997,40.289,10641,2016-01-27 14:31:32.565910
Cell4,5100,OCVdc,588.733,53030.72,4.188,2.7001,40.395,10607,2016-01-26 23:47:41.792910
Cell5,0,C1ch,720.4058,3489.76,2.7182,4.1997,41.085,3491,2014-12-21 20:34:52.992815
Cell5,0,C1dc,735.3361,3587.84,4.1913,2.6998,41.464,3589,2014-12-21 19:35:05.154460
Cell5,0,OCVch,743.4026,63097.54,2.7014,4.1997,40.96,12621,2014-12-23 01:36:16.885825
Cell5,0,OCVdc,733.6976,69483.84,4.188,2.7003,40.992,13898,2014-12-22 06:18:13.043981
Cell5,100,C1ch,710.5202,3441.97,2.7187,4.1998,41.136,3443,2014-12-29 00:18:21.752594
Cell5,100,C1dc,726.3272,3544.47,4.1925,2.7001,41.476,3546,2014-12-28 23:19:17.286323
Cell5,100,OCVch,737.2862,62524.5,2.701,4.1997,40.948,12506,2014-12-30 05:11:29.030726
Cell5,100,OCVdc,728.4438,69037.15,4.1893,2.7,40.981,13808,2014-12-29 10:00:51.877879
Cell5,200,C1ch,705.3695,3417.88,2.7193,4.1997,41.13,3419,2015-01-05 03:43:29.996938
Cell5,200,C1dc,721.6144,3521.6,4.193,2.7,41.462,3523,2015-01-05 02:44:48.399171
Cell5,200,OCVch,731.7663,62151.13,2.7006,4.1999,40.931,12431,2015-01-06 08:29:49.364961
Cell5,200,OCVdc,725.3413,68651.92,4.1902,2.7003,40.968,13731,2015-01-05 13:25:37.445771
Cell5,300,C1ch,702.4368,3402.82,2.7203,4.2,41.122,3404,2015-01-13 20:02:34.367030
Cell5,300,C1dc,718.1409,3504.23,4.1925,2.6999,41.507,3506,2015-01-13 19:04:10.140070
Cell5,300,OCVch,726.6495,61674.06,2.7013,4.1997,40.956,12336,2015-01-15 00:42:15.517378
Cell5,300,OCVdc,720.8602,68267.03,4.1907,2.7002,40.992,13655,2015-01-14 05:44:28.487772
Cell5,400,C1ch,696.9904,3376.71,2.7205,4.1996,41.127,3378,2015-01-20 22:59:10.630245
Cell5,400,C1dc,713.4979,3481.59,4.1931,2.7001,41.469,3483,2015-01-20 22:01:09.038095
Cell5,400,OCVch,722.0067,61312.56,2.7015,4.1998,40.932,12264,2015-01-22 03:32:58.223197
Cell5,400,OCVdc,717.9017,67939.35,4.1912,2.7001,40.973,13589,2015-01-21 08:40:38.867211
Cell5,500,C1ch,693.1379,3358.54,2.721,4.2,41.128,3360,2015-01-28 01:43:33.660684
Cell5,500,C1dc,709.9295,3464.45,4.1932,2.6998,41.459,3466,2015-01-28 00:45:49.206040
Cell5,500,OCVch,718.1068,60936.59,2.7013,4.1997,40.96,12188,2015-01-29 06:13:10.274943
Cell5,500,OCVdc,714.879,67702.55,4.1913,2.7003,40.986,13541,2015-01-28 11:24:47.724794
Cell5,600,C1ch,689.7119,3342.26,2.7209,4.1999,41.128,3344,2015-02-04 04:16:59.561314
Cell5,600,C1dc,706.7198,3449.3,4.1929,2.7001,41.484,3451,2015-02-04 03:19:30.264644
Cell5,600,OCVch,714.825,60655.12,2.7009,4.1997,40.942,12132,2015-02-05 08:41:47.949184
Cell5,600,OCVdc,711.7325,67426.47,4.1915,2.7001,40.987,13486,2015-02-04 13:58:01.482441
Cell5,700,C1ch,687.3715,3341.68,2.7347,4.2,41.085,3343,2015-02-11 19:58:06.763824
Cell5,700,C1dc,704.4068,3428.99,4.1925,2.7,41.485,3430,2015-02-11 19:00:57.720866
Cell5,700,OCVch,711.8772,63982.69,2.7025,4.1998,40.941,12798,2015-02-12 23:24:16.563034
Cell5,700,OCVdc,708.7847,63876.5,4.1915,2.7003,40.962,12777,2015-02-12 05:39:40.009977
Cell5,800,C1ch,683.4968,3322.81,2.7347,4.1999,41.106,3324,2015-02-18 22:18:45.651958
Cell5,800,C1dc,701.0296,3412.62,4.1932,2.7,41.469,3414,2015-02-18 21:21:52.980527
Cell5,800,OCVch,708.9162,63714.46,2.7022,4.1999,40.944,12744,2015-02-20 01:40:37.438586
Cell5,800,OCVdc,706.0708,63634.07,4.1918,2.7,40.985,12728,2015-02-19 08:00:03.316541
Cell5,900,C1ch,680.4886,3308.22,2.7345,4.1996,41.12,3310,2015-02-26 00:30:14.518291
Cell5,900,C1dc,698.25,3399.17,4.1931,2.6998,41.463,3401,2015-02-25 23:33:35.297149
Cell5,900,OCVch,705.8929,63442.84,2.7023,4.1998,40.923,12690,2015-02-27 03:47:44.390539
Cell5,900,OCVdc,703.2284,63377.73,4.1916,2.7001,40.966,12677,2015-02-26 10:11:26.612597
Cell5,1000,C1ch,677.6511,3294.46,2.7346,4.1999,41.133,3296,2015-03-05 02:32:32.204190
Cell5,1000,C1dc,695.5577,3386.16,4.1928,2.7,41.463,3388,2015-03-05 01:36:05.992030
Cell5,1000,OCVch,703.0339,63184.53,2.7023,4.1999,40.939,12638,2015-03-06 05:45:51.125395
Cell5,1000,OCVdc,700.5197,63134.6,4.1919,2.7001,40.96,12628,2015-03-05 12:13:36.474710
Cell5,1100,C1ch,674.5534,3279.5,2.7345,4.1998,41.128,3281,2015-03-12 04:26:09.838907
Cell5,1100,C1dc,692.5532,3371.55,4.1929,2.7,41.474,3373,2015-03-12 03:29:58.233789
Cell5,1100,OCVch,699.9938,62912.52,2.7025,4.1997,40.935,12584,2015-03-13 07:34:50.442671
Cell5,1100,OCVdc,697.5346,62865.99,4.192,2.6999,40.971,12575,2015-03-12 14:07:04.399301
Cell5,1200,C1ch,671.686,3265.53,2.7346,4.1999,41.124,3267,2015-03-19 06:10:12.990660
Cell5,1200,C1dc,689.7776,3358.13,4.1927,2.6998,41.463,3360,2015-03-19 05:14:14.808040
Cell5,1200,OCVch,697.2135,62662.44,2.7023,4.1999,40.923,12534,2015-03-20 09:14:42.770690
Cell5,1200,OCVdc,694.8013,62621.54,4.1919,2.7,40.968,12526,2015-03-19 15:51:01.183406
Cell5,1300,C1ch,668.8065,3251.52,2.7344,4.1999,41.122,3253,2015-03-26 07:45:43.297660
Cell5,1300,C1dc,687.1136,3345.19,4.1927,2.7001,41.484,3347,2015-03-26 06:49:58.052739
Cell5,1300,OCVch,694.3789,62406.23,2.7022,4.2001,40.946,12483,2015-03-27 10:46:04.114183
Cell5,1300,OCVdc,692.0715,62375.0,4.1919,2.7002,40.967,12476,2015-03-26 17:26:29.063784
Cell5,1400,C1ch,666.0878,3238.28,2.7345,4.1999,41.118,3240,2015-04-02 09:12:33.667578
Cell5,1400,C1dc,684.5275,3332.65,4.1929,2.6999,41.492,3334,2015-04-02 08:17:00.966654
Cell5,1400,OCVch,691.736,62169.89,2.7023,4.1998,40.936,12435,2015-04-03 12:08:52.225317
Cell5,1400,OCVdc,689.4461,62138.69,4.1919,2.7001,40.978,12429,2015-04-02 18:53:13.483956
Cell5,1600,C1ch,660.3256,3210.14,2.7348,4.1999,41.087,3212,2015-04-17 14:09:34.967021
Cell5,1600,C1dc,678.6439,3303.66,4.1915,2.7001,41.499,3305,2015-04-17 13:14:31.259262
Cell5,1600,OCVch,685.9658,61651.28,2.7021,4.1999,40.916,12332,2015-04-18 16:56:43.544601
Cell5,1600,OCVdc,683.4037,61591.84,4.1915,2.7002,40.959,12320,2015-04-17 23:50:11.655163
Cell5,1800,C1ch,653.7172,3177.91,2.7348,4.1999,41.114,3179,2015-05-04 18:58:13.876231
Cell5,1800,C1dc,672.7264,3274.9,4.1917,2.7001,41.52,3276,2015-05-04 18:03:38.930265
Cell5,1800,OCVch,679.87,61099.87,2.702,4.1997,40.932,12221,2015-05-05 21:36:10.907145
Cell5,1800,OCVdc,677.3352,61047.33,4.1915,2.7001,40.968,12211,2015-05-05 04:38:43.526772
Cell5,1900,C1ch,650.581,3162.68,2.7351,4.2002,41.116,3164,2015-05-12 13:34:35.845637
Cell5,1900,C1dc,669.604,3259.78,4.1915,2.7002,41.521,3261,2015-05-12 12:40:16.015873
Cell5,1900,OCVch,676.8906,60834.25,2.7024,4.1998,40.908,12168,2015-05-13 16:08:01.077613
Cell5,1900,OCVdc,674.3968,60782.89,4.1915,2.7002,40.964,12158,2015-05-12 23:14:58.137377
Cell5,2000,C1ch,647.4187,3147.23,2.7352,4.2001,41.146,3149,2015-05-20 13:33:48.554031
Cell5,2000,C1dc,666.5616,3245.07,4.1912,2.7002,41.56,3247,2015-05-20 12:39:43.434075
Cell5,2000,OCVch,673.8996,60561.65,2.7023,4.1999,40.953,12114,2015-05-21 16:02:50.348278
Cell5,2000,OCVdc,671.4877,60524.94,4.1914,2.7,40.991,12106,2015-05-20 23:14:05.355175
Cell5,2100,C1ch,644.1002,3131.09,2.7354,4.1996,41.157,3133,2015-05-27 14:28:06.149347
Cell5,2100,C1dc,664.1121,3233.19,4.1918,2.7,41.503,3235,2015-05-27 13:34:12.909894
Cell5,2100,OCVch,671.1424,60311.97,2.7021,4.1998,40.948,12063,2015-05-28 16:53:18.443732
Cell5,2100,OCVdc,669.015,60302.81,4.1917,2.7004,40.975,12062,2015-05-28 00:08:15.585815
Cell5,2200,C1ch,641.5899,3118.89,2.7354,4.1999,41.131,3120,2015-06-04 16:33:16.475237
Cell5,2200,C1dc,661.1156,3218.55,4.1912,2.7001,41.548,3220,2015-06-04 15:39:37.872870
Cell5,2200,OCVch,668.733,60096.98,2.7023,4.1997,40.935,12021,2015-06-05 18:54:25.319595
Cell5,2200,OCVdc,666.3391,60059.64,4.1912,2.6997,40.978,12013,2015-06-05 02:13:25.625778
Cell5,2300,C1ch,638.6136,3104.44,2.7358,4.1999,41.162,3106,2015-06-11 17:13:24.738598
Cell5,2300,C1dc,659.0853,3208.69,4.1914,2.7001,41.517,3210,2015-06-11 16:19:55.997312
Cell5,2300,OCVch,666.148,59863.87,2.7024,4.1998,40.943,11974,2015-06-12 19:31:23.438302
Cell5,2300,OCVdc,664.2492,59872.01,4.1912,2.7,40.978,11975,2015-06-12 02:53:31.381458
Cell5,2400,C1ch,635.6849,3090.18,2.7357,4.1998,41.116,3092,2015-06-19 16:12:20.861025
Cell5,2400,C1dc,655.6246,3191.81,4.1907,2.6999,41.538,3193,2015-06-19 15:19:08.996665
Cell5,2400,OCVch,663.2741,59605.27,2.7024,4.1999,40.942,11923,2015-06-20 18:25:18.080299
Cell5,2400,OCVdc,660.9387,59573.95,4.1913,2.7,40.97,11916,2015-06-20 01:52:24.082571
Cell5,2500,C1ch,632.7146,3075.77,2.7362,4.2001,41.141,3077,2015-06-26 16:41:39.085587
Cell5,2500,C1dc,653.572,3181.83,4.1912,2.6999,41.493,3183,2015-06-26 15:48:37.202272
Cell5,2500,OCVch,660.825,59385.61,2.7024,4.1998,40.908,11878,2015-06-27 18:51:24.747098
Cell5,2500,OCVdc,658.8325,59384.09,4.191,2.7002,40.952,11878,2015-06-27 02:21:40.610863
Cell5,2600,C1ch,629.9434,3062.32,2.7361,4.1997,41.081,3064,2015-07-06 20:49:42.460431
Cell5,2600,C1dc,650.1803,3165.24,4.1907,2.6999,41.502,3167,2015-07-06 19:56:57.171675
Cell5,2600,OCVch,658.169,59146.85,2.7024,4.2,40.91,11831,2015-07-07 22:54:31.336226
Cell5,2600,OCVdc,655.5874,59091.25,4.1908,2.7,40.93,11820,2015-07-07 06:29:40.040174
Cell5,2700,C1ch,627.3843,3049.83,2.7363,4.1997,41.14,3051,2015-07-13 21:05:27.189595
Cell5,2700,C1dc,648.6555,3157.91,4.191,2.7,41.492,3159,2015-07-13 20:12:49.225051
Cell5,2700,OCVch,655.6563,58919.65,2.7023,4.2,40.906,11785,2015-07-14 23:07:41.563653
Cell5,2700,OCVdc,653.8609,58936.51,4.1913,2.7001,40.941,11788,2015-07-14 06:45:25.006070
Cell5,2800,C1ch,624.894,3037.7,2.7365,4.1999,41.142,3039,2015-07-20 21:32:38.766966
Cell5,2800,C1dc,646.3729,3146.82,4.1908,2.7001,41.5,3148,2015-07-20 20:40:11.894063
Cell5,2800,OCVch,653.5963,58733.42,2.7024,4.1998,40.924,11748,2015-07-21 23:31:50.920336
Cell5,2800,OCVdc,651.8127,58753.53,4.191,2.7,40.956,11752,2015-07-21 07:12:37.335981
Cell5,2900,C1ch,622.2812,3024.88,2.7368,4.2,41.165,3026,2015-08-01 19:46:14.894823
Cell5,2900,C1dc,643.0683,3130.78,4.1902,2.6999,41.586,3132,2015-08-01 18:54:04.059863
Cell5,2900,OCVch,651.1887,58517.46,2.7024,4.2,40.912,11705,2015-08-02 21:40:22.390180
Cell5,2900,OCVdc,648.5466,58460.12,4.1906,2.7001,40.964,11694,2015-08-02 05:26:02.219965
Cell5,3000,C1ch,620.3946,3015.89,2.7369,4.2001,41.113,3017,2015-08-08 19:43:15.681773
Cell5,3000,C1dc,642.1362,3126.13,4.1906,2.7,41.468,3128,2015-08-08 18:51:09.498398
Cell5,3000,OCVch,649.3299,58352.67,2.7024,4.1996,40.88,11672,2015-08-09 21:35:35.442370
Cell5,3000,OCVdc,647.3699,58350.24,4.1908,2.7002,40.915,11671,2015-08-09 05:23:05.153263
Cell5,3100,C1ch,617.7221,3002.85,2.7367,4.1997,41.155,3004,2015-08-15 19:52:29.756590
Cell5,3100,C1dc,639.808,3114.89,4.1904,2.6998,41.517,3116,2015-08-15 19:00:34.819844
Cell5,3100,OCVch,647.2098,58160.56,2.7026,4.1996,40.9,11633,2015-08-16 21:41:54.517602
Cell5,3100,OCVdc,645.3365,58168.68,4.1907,2.7,40.935,11635,2015-08-16 05:32:25.791813
Cell5,3200,C1ch,615.2192,2990.59,2.7371,4.2,41.129,2992,2015-08-24 19:32:16.720431
Cell5,3200,C1dc,636.6188,3099.35,4.1896,2.7,41.562,3101,2015-08-24 18:40:37.316472
Cell5,3200,OCVch,645.3021,57986.95,2.7023,4.1999,40.919,11599,2015-08-25 21:17:48.446709
Cell5,3200,OCVdc,642.7592,57939.54,4.1906,2.7,40.956,11589,2015-08-25 05:12:08.854569
Cell5,3300,C1ch,613.1243,2980.43,2.7375,4.1999,41.197,2982,2015-08-31 19:11:17.803713
Cell5,3300,C1dc,635.5654,3094.33,4.1904,2.7002,41.546,3096,2015-08-31 18:19:43.425094
Cell5,3300,OCVch,643.031,57781.53,2.7023,4.1997,40.918,11557,2015-09-01 20:54:41.371966
Cell5,3300,OCVdc,641.305,57809.32,4.1912,2.7,40.959,11563,2015-09-01 04:51:12.003400
Cell5,3500,C1ch,608.3998,2957.4,2.7371,4.1997,41.16,2959,2015-09-16 15:19:54.875826
Cell5,3500,C1dc,629.1526,3063.14,4.1886,2.7002,41.607,3065,2015-09-16 14:28:51.681669
Cell5,3500,OCVch,633.9827,56967.35,2.7031,4.1998,25.515,11395,2015-09-17 16:53:48.782634
Cell5,3500,OCVdc,635.5661,57294.64,4.1904,2.7,40.533,11460,2015-09-17 00:58:54.088174
Cell5,3600,C1ch,606.5584,2948.42,2.7371,4.2,41.188,2950,2015-09-23 14:33:48.234747
Cell5,3600,C1dc,628.5798,3060.46,4.1906,2.6999,41.556,3062,2015-09-23 13:42:47.727288
Cell5,3600,OCVch,636.0284,57150.41,2.7024,4.1998,40.911,11431,2015-09-24 16:05:21.859064
Cell5,3600,OCVdc,634.1027,57163.26,4.1908,2.7002,40.954,11434,2015-09-24 00:12:38.547113
Cell5,3700,C1ch,602.5036,2928.73,2.7372,4.1998,40.432,2930,2015-09-30 14:05:09.102923
Cell5,3700,C1dc,626.4542,3050.07,4.1904,2.7,41.557,3052,2015-09-30 13:14:18.979486
Cell5,3700,OCVch,629.6494,56578.26,2.7038,4.1999,24.077,11317,2015-10-01 15:32:24.452036
Cell5,3700,OCVdc,630.772,56862.55,4.1923,2.7003,24.128,11374,2015-09-30 23:44:41.855382
Cell5,3800,C1ch,601.4283,2923.45,2.7371,4.1998,41.125,2925,2015-10-12 18:22:00.367029
Cell5,3800,C1dc,622.743,3031.92,4.1896,2.7002,41.578,3033,2015-10-12 17:31:28.397666
Cell5,3800,OCVch,631.7111,56762.6,2.7026,4.1997,40.905,11354,2015-10-13 19:45:49.254588
Cell5,3800,OCVdc,629.0781,56709.95,4.19,2.6999,40.943,11343,2015-10-13 04:00:39.257770
Cell5,3900,C1ch,599.7926,2915.58,2.737,4.1998,41.174,2917,2015-10-19 17:22:55.905143
Cell5,3900,C1dc,622.2255,3029.45,4.1902,2.7,41.549,3031,2015-10-19 16:32:26.404446
Cell5,3900,OCVch,629.6305,56576.64,2.7022,4.1998,40.909,11316,2015-10-20 18:44:50.091172
Cell5,3900,OCVdc,627.7791,56592.23,4.1908,2.7,40.949,11320,2015-10-20 03:01:37.813119
Cell5,4000,C1ch,597.2796,2903.4,2.7376,4.2001,41.18,2905,2015-10-26 16:44:41.716189
Cell5,4000,C1dc,620.0544,3018.82,4.1899,2.7001,41.554,3020,2015-10-26 15:54:22.843115
Cell5,4000,OCVch,627.8018,56413.83,2.7026,4.1999,40.903,11284,2015-10-27 18:03:44.536209
Cell5,4000,OCVdc,625.8015,56411.9,4.1903,2.7001,40.945,11283,2015-10-27 02:23:32.588509
Cell5,4100,C1ch,594.6691,2890.63,2.7378,4.2,41.146,2892,2015-11-04 11:38:45.867432
Cell5,4100,C1dc,616.9927,3003.9,4.1885,2.7,41.59,3005,2015-11-04 10:48:41.920066
Cell5,4100,OCVch,626.0949,56259.21,2.7025,4.2,40.908,11253,2015-11-05 12:54:31.326151
Cell5,4100,OCVdc,623.5109,56206.69,4.1898,2.7002,40.947,11243,2015-11-04 21:17:44.585968
Cell5,4200,C1ch,593.0807,2882.93,2.738,4.2,41.142,2884,2015-11-11 16:23:55.704631
Cell5,4200,C1dc,616.003,2999.11,4.1888,2.6998,41.583,3001,2015-11-11 15:33:56.539869
Cell5,4200,OCVch,624.3279,56100.46,2.7023,4.2,40.898,11222,2015-11-12 17:37:37.454174
Cell5,4200,OCVdc,622.0678,56076.85,4.1901,2.6999,40.938,11217,2015-11-12 02:03:00.557372
Cell5,4300,C1ch,590.642,2871.06,2.7381,4.1999,41.197,2873,2015-11-18 15:04:49.662018
Cell5,4300,C1dc,614.413,2991.48,4.1895,2.7001,41.572,2993,2015-11-18 14:14:58.131674
Cell5,4300,OCVch,622.6284,55945.97,2.7023,4.1999,40.9,11190,2015-11-19 16:16:44.195173
Cell5,4300,OCVdc,620.7242,55957.63,4.1902,2.7004,40.945,11193,2015-11-19 00:44:06.516353
Cell5,4400,C1ch,588.3435,2859.97,2.7385,4.1997,41.206,2861,2015-11-25 13:55:31.579291
Cell5,4400,C1dc,612.4443,2981.87,4.189,2.7,41.571,2983,2015-11-25 13:05:49.654960
Cell5,4400,OCVch,620.9183,55793.68,2.7028,4.1999,40.904,11160,2015-11-26 15:04:46.402550
Cell5,4400,OCVdc,618.8873,55790.72,4.1898,2.7,40.945,11159,2015-11-25 23:34:55.627361
Cell5,4500,C1ch,585.9745,2848.28,2.7384,4.2001,41.171,2850,2015-12-03 13:19:48.374631
Cell5,4500,C1dc,609.5276,2967.65,4.1871,2.7001,41.617,2969,2015-12-03 12:30:20.674061
Cell5,4500,OCVch,619.4679,55661.54,2.7027,4.1999,40.897,11134,2015-12-04 14:26:12.637279
Cell5,4500,OCVdc,616.8836,55612.17,4.1894,2.7003,40.938,11124,2015-12-03 22:59:20.419771
Cell5,4600,C1ch,584.5228,2841.27,2.7384,4.1999,41.204,2843,2015-12-10 11:47:14.689597
Cell5,4600,C1dc,608.9827,2965.09,4.1886,2.7,41.576,2967,2015-12-10 10:57:49.547221
Cell5,4600,OCVch,617.9274,55521.91,2.7026,4.1999,40.904,11105,2015-12-11 12:51:50.420294
Cell5,4600,OCVdc,615.6846,55505.37,4.1898,2.7001,40.948,11102,2015-12-10 21:26:45.000709
Cell5,4800,C1ch,580.4344,2821.4,2.7391,4.2001,41.218,2823,2015-12-26 12:57:39.315053
Cell5,4800,C1dc,605.3543,2947.44,4.1883,2.7001,41.579,2949,2015-12-26 12:08:31.826846
Cell5,4800,OCVch,614.3745,55202.62,2.7025,4.1997,40.899,11042,2015-12-27 13:57:10.392615
Cell5,4800,OCVdc,612.2482,55195.61,4.1897,2.6999,40.942,11040,2015-12-26 22:37:14.734345
Cell5,5000,C1ch,430.9064,2094.55,2.7542,4.1998,41.606,2096,2016-01-19 18:00:06.104232
Cell5,5000,C1dc,456.1289,2220.92,4.1315,2.7,41.812,2222,2016-01-19 17:23:05.138256
Cell5,5000,OCVch,554.0295,49780.45,2.7037,4.1998,41.071,9958,2016-01-20 16:47:38.406329
Cell5,5000,OCVdc,512.9623,46245.59,4.0877,2.7001,41.111,9251,2016-01-20 03:56:52.768775
Cell6,0,C1ch,716.6576,3488.7,2.7182,4.1999,40.77,3490,2014-12-21 20:34:44.360021
Cell6,0,C1dc,732.7948,3557.68,4.1898,2.6999,41.188,3559,2014-12-21 19:35:26.676864
Cell6,0,OCVch,742.5627,67532.88,2.7008,4.1999,40.675,13508,2014-12-23 00:27:41.294811
Cell6,0,OCVdc,733.1499,65329.54,4.186,2.7,40.696,13067,2014-12-22 06:18:51.758375
Cell6,100,C1ch,707.5824,3445.15,2.719,4.1998,40.852,3447,2014-12-29 00:37:29.421404
Cell6,100,C1dc,724.6838,3518.69,4.1921,2.7,41.31,3520,2014-12-28 23:38:50.730099
Cell6,100,OCVch,735.3514,66953.64,2.7008,4.1998,40.717,13392,2014-12-30 04:23:09.322284
Cell6,100,OCVdc,729.5304,64964.53,4.189,2.7003,40.744,12994,2014-12-29 10:20:24.793263
Cell6,200,C1ch,702.8366,3422.17,2.7195,4.2,40.88,3424,2015-01-05 04:22:49.023782
Cell6,200,C1dc,719.9781,3496.1,4.1923,2.6999,41.301,3498,2015-01-05 03:24:32.926179
Cell6,200,OCVch,732.4374,66594.7,2.7011,4.1999,40.738,13320,2015-01-06 08:01:28.329216
Cell6,200,OCVdc,724.6552,64573.15,4.1897,2.6999,40.767,12916,2015-01-05 14:05:15.176186
Cell6,300,C1ch,699.7455,3406.54,2.7196,4.2001,40.943,3408,2015-01-13 20:03:32.896827
Cell6,300,C1dc,716.7605,3480.23,4.1919,2.6999,41.346,3482,2015-01-13 19:05:32.665070
Cell6,300,OCVch,726.0063,65971.68,2.7007,4.1997,40.791,13196,2015-01-14 23:37:55.881704
Cell6,300,OCVdc,721.4463,64334.31,4.1901,2.7001,40.824,12868,2015-01-14 05:45:41.569975
Cell6,400,C1ch,694.3189,3380.47,2.7198,4.2,40.913,3382,2015-01-20 23:20:23.434969
Cell6,400,C1dc,711.6737,3455.5,4.1928,2.7002,41.368,3457,2015-01-20 22:22:47.931191
Cell6,400,OCVch,722.5332,65726.11,2.7009,4.1998,40.777,13146,2015-01-22 02:46:20.489096
Cell6,400,OCVdc,716.6246,63857.07,4.1905,2.6999,40.813,12772,2015-01-21 09:02:03.414931
Cell6,500,C1ch,690.5259,3362.04,2.7199,4.1999,40.924,3364,2015-01-28 02:24:28.842066
Cell6,500,C1dc,707.7771,3437.06,4.1926,2.7,41.361,3439,2015-01-28 01:27:11.782988
Cell6,500,OCVch,718.0741,65498.16,2.7012,4.1998,40.822,13101,2015-01-29 05:43:28.175989
Cell6,500,OCVdc,713.3163,63452.21,4.1909,2.7001,40.843,12691,2015-01-28 12:05:55.962563
Cell6,600,C1ch,686.7951,3344.83,2.7208,4.2,40.962,3346,2015-02-04 05:17:51.793184
Cell6,600,C1dc,704.2492,3419.51,4.1926,2.7001,41.378,3421,2015-02-04 04:20:52.279877
Cell6,600,OCVch,713.6166,65138.97,2.7009,4.1998,40.805,13029,2015-02-05 08:31:05.266400
Cell6,600,OCVdc,710.9534,63122.61,4.1915,2.6998,40.848,12626,2015-02-04 14:59:02.659897
Cell6,700,C1ch,685.8443,3337.35,2.7357,4.2001,40.94,3339,2015-02-11 19:58:23.480823
Cell6,700,C1dc,702.8096,3417.77,4.1924,2.7,41.354,3419,2015-02-11 19:01:25.656261
Cell6,700,OCVch,710.3327,63958.41,2.7022,4.1996,40.813,12793,2015-02-12 23:20:27.994479
Cell6,700,OCVdc,707.6696,63656.41,4.191,2.7,40.827,12733,2015-02-12 05:39:31.537371
Cell6,800,C1ch,681.3844,3315.75,2.7352,4.1996,40.96,3317,2015-02-18 22:30:00.663947
Cell6,800,C1dc,698.8143,3398.21,4.1927,2.7,41.377,3400,2015-02-18 21:33:22.403301
Cell6,800,OCVch,706.5925,63625.5,2.7025,4.1998,40.827,12726,2015-02-20 01:46:28.492969
Cell6,800,OCVdc,704.2194,63341.17,4.1913,2.6999,40.863,12669,2015-02-19 08:10:47.275571
Cell6,900,C1ch,678.4538,3301.49,2.7353,4.1998,40.967,3303,2015-02-26 00:50:22.747777
Cell6,900,C1dc,696.0257,3384.71,4.1927,2.7001,41.381,3386,2015-02-25 23:53:57.991614
Cell6,900,OCVch,703.6976,63363.05,2.7023,4.2,40.807,12674,2015-02-27 04:02:26.100089
Cell6,900,OCVdc,701.3483,63084.14,4.1914,2.7002,40.846,12618,2015-02-26 10:31:01.912539
Cell6,1000,C1ch,675.1079,3285.33,2.7353,4.2,40.986,3287,2015-03-05 03:01:31.805115
Cell6,1000,C1dc,692.8135,3369.12,4.1927,2.7,41.376,3371,2015-03-05 02:05:22.633739
Cell6,1000,OCVch,700.4812,63076.75,2.7023,4.1999,40.831,12616,2015-03-06 06:08:40.597458
Cell6,1000,OCVdc,698.1702,62797.85,4.1912,2.7,40.845,12561,2015-03-05 12:42:02.696083
Cell6,1100,C1ch,671.9992,3270.14,2.7354,4.1997,41.006,3272,2015-03-12 05:03:05.166018
Cell6,1100,C1dc,689.8064,3354.57,4.1925,2.7,41.379,3356,2015-03-12 04:07:10.545821
Cell6,1100,OCVch,697.283,62786.87,2.7023,4.2,40.83,12559,2015-03-13 08:05:36.925736
Cell6,1100,OCVdc,695.1663,62528.36,4.1914,2.7001,40.866,12507,2015-03-12 14:43:28.511966
Cell6,1200,C1ch,668.9014,3255.15,2.7354,4.1999,41.003,3257,2015-03-19 06:54:39.108426
Cell6,1200,C1dc,686.8602,3340.31,4.1926,2.7001,41.377,3342,2015-03-19 05:58:58.745142
Cell6,1200,OCVch,694.2514,62512.57,2.7021,4.1998,40.819,12504,2015-03-20 09:52:27.694172
Cell6,1200,OCVdc,692.1419,62256.43,4.1912,2.7,40.864,12453,2015-03-19 16:34:51.209495
Cell6,1300,C1ch,665.7253,3239.74,2.7353,4.1999,40.982,3241,2015-03-26 08:36:54.966746
Cell6,1300,C1dc,683.7787,3325.36,4.192,2.7004,41.384,3327,2015-03-26 07:41:29.552375
Cell6,1300,OCVch,691.1267,62234.88,2.7023,4.1998,40.854,12448,2015-03-27 11:30:06.790173
Cell6,1300,OCVdc,689.1231,61984.94,4.1914,2.7001,40.866,12398,2015-03-26 18:17:01.802374
Cell6,1400,C1ch,662.5634,3224.39,2.7354,4.2,40.97,3226,2015-04-02 10:09:41.417664
Cell6,1400,C1dc,680.8694,3311.26,4.1922,2.7,41.399,3313,2015-04-02 09:14:30.108205
Cell6,1400,OCVch,688.3115,61977.89,2.702,4.2,40.841,12397,2015-04-03 12:58:32.728704
Cell6,1400,OCVdc,686.2323,61725.74,4.1913,2.7001,40.882,12346,2015-04-02 19:49:46.933212
Cell6,1600,C1ch,656.4056,3193.87,2.7356,4.1999,40.991,3195,2015-04-17 14:09:23.643225
Cell6,1600,C1dc,674.4,3279.72,4.1912,2.7001,41.413,3281,2015-04-17 13:14:43.876061
Cell6,1600,OCVch,681.9341,61394.89,2.7023,4.2,40.833,12280,2015-04-18 16:48:27.376723
Cell6,1600,OCVdc,679.6992,61145.08,4.191,2.7,40.873,12231,2015-04-17 23:49:22.242968
Cell6,1800,C1ch,650.5603,3165.71,2.7358,4.1999,41.028,3167,2015-05-04 18:58:07.008234
Cell6,1800,C1dc,669.183,3254.05,4.1908,2.7,41.44,3256,2015-05-04 18:03:52.906472
Cell6,1800,OCVch,676.6145,60927.52,2.702,4.1997,40.857,12187,2015-05-05 21:29:04.471045
Cell6,1800,OCVdc,674.424,60660.92,4.1905,2.6999,40.889,12134,2015-05-05 04:38:03.497569
Cell6,1900,C1ch,647.2776,3149.56,2.7356,4.1998,41.03,3151,2015-05-12 13:34:28.434633
Cell6,1900,C1dc,666.0073,3238.85,4.1907,2.7,41.442,3240,2015-05-12 12:40:29.532075
Cell6,1900,OCVch,673.5689,60640.67,2.7024,4.1998,40.836,12130,2015-05-13 16:00:54.649509
Cell6,1900,OCVdc,671.394,60396.57,4.1911,2.7001,40.89,12081,2015-05-12 23:14:18.028773
Cell6,2000,C1ch,643.7138,3132.38,2.7357,4.1999,41.065,3134,2015-05-20 13:33:41.621832
Cell6,2000,C1dc,662.6078,3222.35,4.1904,2.7,41.484,3224,2015-05-20 12:39:59.217675
Cell6,2000,OCVch,670.126,60336.89,2.7024,4.1999,40.89,12069,2015-05-21 15:54:53.354788
Cell6,2000,OCVdc,668.0156,60091.75,4.1908,2.6998,40.924,12020,2015-05-20 23:13:21.555976
Cell6,2100,C1ch,640.4059,3116.3,2.7357,4.1998,41.042,3118,2015-05-27 14:46:09.926188
Cell6,2100,C1dc,660.0616,3209.88,4.1913,2.7,41.485,3211,2015-05-27 13:52:39.995510
Cell6,2100,OCVch,667.0292,60061.89,2.7024,4.1997,40.893,12013,2015-05-28 17:03:08.418776
Cell6,2100,OCVdc,665.3185,59844.67,4.1909,2.6999,40.914,11970,2015-05-28 00:25:43.699291
Cell6,2200,C1ch,637.1642,3100.34,2.7359,4.1998,41.063,3102,2015-06-04 16:33:06.679032
Cell6,2200,C1dc,656.375,3192.04,4.19,2.7,41.477,3194,2015-06-04 15:39:54.585674
Cell6,2200,OCVch,664.3325,59810.8,2.7024,4.2,40.883,11964,2015-06-05 18:45:18.661717
Cell6,2200,OCVdc,662.0618,59558.87,4.1906,2.7001,40.92,11913,2015-06-05 02:12:39.736176
Cell6,2300,C1ch,634.3513,3086.75,2.7362,4.1999,41.056,3088,2015-06-11 17:30:25.668898
Cell6,2300,C1dc,654.4088,3182.38,4.1909,2.6998,41.495,3184,2015-06-11 16:37:23.239187
Cell6,2300,OCVch,661.4354,59555.31,2.7024,4.2,40.897,11912,2015-06-12 19:38:46.929319
Cell6,2300,OCVdc,659.662,59336.1,4.1905,2.6999,40.925,11868,2015-06-12 03:09:50.781225
Cell6,2400,C1ch,630.644,3068.43,2.7361,4.1999,41.052,3070,2015-06-19 16:12:11.029626
Cell6,2400,C1dc,650.3693,3162.89,4.1903,2.6999,41.468,3164,2015-06-19 15:19:28.084260
Cell6,2400,OCVch,658.2559,59261.51,2.7022,4.1999,40.901,11854,2015-06-20 18:15:31.004646
Cell6,2400,OCVdc,656.1336,59026.84,4.1906,2.7001,40.923,11807,2015-06-20 01:51:44.111565
Cell6,2500,C1ch,627.902,3055.29,2.7364,4.1999,41.035,3057,2015-06-26 17:00:22.655161
Cell6,2500,C1dc,648.4451,3153.38,4.1908,2.6998,41.476,3155,2015-06-26 16:07:49.224820
Cell6,2500,OCVch,655.6418,59030.65,2.7025,4.1998,40.872,11807,2015-06-27 19:00:11.990406
Cell6,2500,OCVdc,653.9458,58822.33,4.191,2.6999,40.912,11766,2015-06-27 02:39:49.613284
Cell6,2600,C1ch,624.473,3038.36,2.7368,4.2001,41.02,3040,2015-07-06 20:49:32.336637
Cell6,2600,C1dc,644.3101,3133.44,4.1894,2.6998,41.433,3135,2015-07-06 19:57:18.843273
Cell6,2600,OCVch,653.0036,58786.6,2.7023,4.2,40.877,11759,2015-07-07 22:44:13.354172
Cell6,2600,OCVdc,650.4853,58519.65,4.19,2.7,40.894,11705,2015-07-07 06:28:53.658571
Cell6,2700,C1ch,622.7019,3029.99,2.7369,4.2001,41.045,3031,2015-07-13 21:24:23.722155
Cell6,2700,C1dc,643.5075,3129.4,4.1903,2.7,41.481,3131,2015-07-13 20:32:14.267776
Cell6,2700,OCVch,651.1138,58621.42,2.7022,4.2,40.882,11725,2015-07-14 23:16:31.475957
Cell6,2700,OCVdc,648.9447,58374.05,4.19,2.7002,40.909,11676,2015-07-14 07:03:37.370684
Cell6,2800,C1ch,620.4091,3018.89,2.7366,4.1999,41.044,3020,2015-07-20 21:51:01.489429
Cell6,2800,C1dc,641.3314,3118.8,4.1899,2.6999,41.488,3120,2015-07-20 20:59:02.638090
Cell6,2800,OCVch,648.6966,58407.42,2.7023,4.1999,40.903,11683,2015-07-21 23:40:01.388276
Cell6,2800,OCVdc,646.8691,58185.58,4.1903,2.7001,40.93,11638,2015-07-21 07:30:15.761713
Cell6,2900,C1ch,616.9153,3001.92,2.7373,4.1998,41.115,3003,2015-08-01 19:46:08.458426
Cell6,2900,C1dc,637.2798,3099.03,4.1891,2.7001,41.522,3101,2015-08-01 18:54:29.381864
Cell6,2900,OCVch,646.1533,58175.77,2.7026,4.2001,40.893,11637,2015-08-02 21:29:48.377324
Cell6,2900,OCVdc,643.3427,57869.08,4.1893,2.7001,40.942,11575,2015-08-02 05:25:19.242970
Cell6,3000,C1ch,615.3923,2994.34,2.7373,4.2001,41.021,2996,2015-08-08 20:03:08.477869
Cell6,3000,C1dc,636.6216,3095.94,4.19,2.7001,41.463,3097,2015-08-08 19:11:32.486051
Cell6,3000,OCVch,643.9916,57979.28,2.7022,4.2,40.864,11597,2015-08-09 21:44:40.538257
Cell6,3000,OCVdc,641.9852,57748.59,4.1906,2.7,40.895,11551,2015-08-09 05:42:11.893019
Cell6,3100,C1ch,612.4113,2979.91,2.7373,4.1999,41.072,2981,2015-08-15 20:10:55.305723
Cell6,3100,C1dc,633.9956,3083.13,4.1897,2.7001,41.516,3085,2015-08-15 19:19:32.122738
Cell6,3100,OCVch,641.5967,57766.9,2.7022,4.2,40.888,11554,2015-08-16 21:48:56.870109
Cell6,3100,OCVdc,639.574,57530.03,4.1904,2.7001,40.92,11507,2015-08-16 05:50:06.792415
Cell6,3200,C1ch,609.1204,2963.9,2.7374,4.1999,41.092,2965,2015-08-24 19:32:05.705826
Cell6,3200,C1dc,630.1612,3064.38,4.1885,2.6998,41.5,3066,2015-08-24 18:41:01.271472
Cell6,3200,OCVch,639.1946,57552.42,2.7023,4.2001,40.918,11512,2015-08-25 21:05:50.998881
Cell6,3200,OCVdc,636.726,57272.9,4.1899,2.7001,40.952,11456,2015-08-25 05:11:18.049574
Cell6,3300,C1ch,607.1254,2954.24,2.7376,4.1998,41.115,2956,2015-08-31 19:32:47.405077
Cell6,3300,C1dc,629.0776,3059.28,4.1894,2.6999,41.559,3061,2015-08-31 18:41:48.077414
Cell6,3300,OCVch,636.5242,57310.86,2.7026,4.1999,40.929,11463,2015-09-01 21:03:32.834251
Cell6,3300,OCVdc,634.7919,57101.01,4.19,2.7001,40.964,11421,2015-09-01 05:11:51.777826
Cell6,3500,C1ch,602.4201,2931.21,2.7373,4.1997,41.176,2933,2015-09-16 15:19:31.610030
Cell6,3500,C1dc,622.9331,3029.52,4.1878,2.7,41.587,3031,2015-09-16 14:29:02.042264
Cell6,3500,OCVch,627.8057,56520.98,2.7028,4.2,25.576,11306,2015-09-17 16:42:04.680398
Cell6,3500,OCVdc,629.713,56650.04,4.1898,2.7002,40.614,11332,2015-09-17 00:57:54.594571
Cell6,3600,C1ch,600.8417,2923.75,2.7372,4.2,41.152,2925,2015-09-23 14:54:12.298597
Cell6,3600,C1dc,622.4656,3027.14,4.1898,2.7001,41.586,3029,2015-09-23 14:03:45.112894
Cell6,3600,OCVch,629.3924,56669.55,2.7024,4.1996,40.958,11335,2015-09-24 16:13:05.797042
Cell6,3600,OCVdc,627.5409,56448.74,4.1902,2.7002,40.995,11291,2015-09-24 00:32:17.004410
Cell6,3700,C1ch,595.7464,2898.95,2.7373,4.1993,39.458,2900,2015-09-30 14:23:39.810105
Cell6,3700,C1dc,620.3313,3016.67,4.1896,2.6999,41.661,3018,2015-09-30 13:33:23.084616
Cell6,3700,OCVch,623.2724,56118.38,2.704,4.2001,24.03,11225,2015-10-01 15:38:59.358635
Cell6,3700,OCVdc,624.3045,56155.62,4.1911,2.7001,24.028,11232,2015-10-01 00:03:03.686169
Cell6,3800,C1ch,595.1386,2895.91,2.7375,4.1999,41.141,2897,2015-10-12 18:21:45.787234
Cell6,3800,C1dc,616.164,2996.36,4.1879,2.7,41.546,2998,2015-10-12 17:31:49.373664
Cell6,3800,OCVch,625.5291,56323.42,2.7023,4.1999,40.954,11266,2015-10-13 19:33:53.577560
Cell6,3800,OCVdc,623.0506,56043.94,4.1894,2.7002,40.99,11210,2015-10-13 03:59:49.591373
Cell6,3900,C1ch,593.9951,2890.34,2.7377,4.2,41.148,2892,2015-10-19 17:39:36.717860
Cell6,3900,C1dc,615.9681,2995.5,4.1893,2.7,41.552,2997,2015-10-19 16:49:41.163720
Cell6,3900,OCVch,622.884,56081.43,2.7025,4.1997,40.961,11217,2015-10-20 18:48:35.403428
Cell6,3900,OCVdc,621.0676,55866.1,4.1901,2.6999,40.995,11174,2015-10-20 03:17:29.248493
Cell6,4000,C1ch,591.1888,2876.59,2.7379,4.1999,41.143,2878,2015-10-26 17:03:28.993680
Cell6,4000,C1dc,613.5032,2983.57,4.1893,2.7,41.574,2985,2015-10-26 16:13:45.370947
Cell6,4000,OCVch,620.6407,55877.15,2.7025,4.1999,40.959,11176,2015-10-27 18:09:07.947249
Cell6,4000,OCVdc,618.7221,55656.97,4.19,2.7,40.992,11132,2015-10-27 02:41:30.931463
Cell6,4100,C1ch,587.5481,2858.86,2.7382,4.1999,41.157,2860,2015-11-04 11:38:32.325431
Cell6,4100,C1dc,609.6174,2964.56,4.1875,2.7,41.552,2966,2015-11-04 10:49:07.719464
Cell6,4100,OCVch,618.6493,55700.77,2.7026,4.1999,40.968,11142,2015-11-05 12:40:39.171149
Cell6,4100,OCVdc,616.2394,55432.51,4.1896,2.7,40.997,11088,2015-11-04 21:16:46.611971
Cell6,4200,C1ch,586.4,2853.15,2.7382,4.1999,41.153,2855,2015-11-11 16:23:35.916628
Cell6,4200,C1dc,609.0231,2961.87,4.1881,2.7002,41.542,2963,2015-11-11 15:34:13.997469
Cell6,4200,OCVch,616.6086,55509.06,2.7024,4.1997,40.959,11103,2015-11-12 17:23:20.199379
Cell6,4200,OCVdc,614.5585,55288.58,4.1895,2.6999,40.991,11059,2015-11-12 02:01:51.569967
Cell6,4300,C1ch,584.0771,2842.11,2.7387,4.1999,41.182,2844,2015-11-18 15:20:29.577197
Cell6,4300,C1dc,607.3699,2953.66,4.1884,2.6999,41.57,2955,2015-11-18 14:31:15.865005
Cell6,4300,OCVch,614.9298,55366.32,2.7026,4.2,40.962,11074,2015-11-19 16:17:47.938421
Cell6,4300,OCVdc,612.9587,55136.23,4.1894,2.7002,41.0,11028,2015-11-19 00:58:51.656795
Cell6,4400,C1ch,581.9845,2831.92,2.7388,4.1998,41.188,2833,2015-11-25 14:16:52.753472
Cell6,4400,C1dc,605.5915,2945.06,4.1881,2.7,41.564,2947,2015-11-25 13:27:47.647087
Cell6,4400,OCVch,613.3095,55220.73,2.7025,4.1998,40.962,11045,2015-11-26 15:11:56.944753
Cell6,4400,OCVdc,611.3491,54992.37,4.1892,2.7001,40.996,11000,2015-11-25 23:55:24.528420
Cell6,4500,C1ch,578.2722,2813.81,2.7388,4.1999,41.185,2815,2015-12-03 13:19:26.391628
Cell6,4500,C1dc,601.5583,2925.39,4.1865,2.6999,41.575,2927,2015-12-03 12:30:40.948866
Cell6,4500,OCVch,611.0146,55014.15,2.7024,4.1998,40.963,11004,2015-12-04 14:10:31.353298
Cell6,4500,OCVdc,608.6009,54745.8,4.1888,2.6999,40.997,10951,2015-12-03 22:58:05.506569
Cell6,4600,C1ch,562.649,2737.91,2.7399,4.1998,41.196,2739,2015-12-10 12:00:51.819323
Cell6,4600,C1dc,586.0442,2849.96,4.1871,2.7001,41.575,2851,2015-12-10 11:13:21.813598
Cell6,4600,OCVch,608.9877,54833.79,2.7024,4.1999,40.968,10968,2015-12-11 12:33:51.651724
Cell6,4600,OCVdc,597.2926,53726.71,4.1872,2.6999,41.005,10746,2015-12-10 21:38:24.892376
Cell6,4800,C1ch,571.8631,2782.68,2.7402,4.1998,41.223,2784,2015-12-26 13:15:42.939239
Cell6,4800,C1dc,586.3836,2851.66,4.1871,2.6998,41.608,2853,2015-12-26 12:28:11.226363
Cell6,4800,OCVch,605.4426,54511.93,2.7025,4.2,40.971,10903,2015-12-27 13:59:21.091454
Cell6,4800,OCVdc,603.4102,54278.52,4.1888,2.7,41.005,10857,2015-12-26 22:54:42.521762
Cell6,5000,C1ch,560.9771,2729.74,2.7408,4.2001,41.244,2731,2016-01-19 17:49:40.346441
Cell6,5000,C1dc,579.0232,2815.96,4.1859,2.7,41.583,2817,2016-01-19 17:02:44.335674
Cell6,5000,OCVch,589.28,53057.98,2.7027,4.1999,40.991,10613,2016-01-20 18:09:30.538366
Cell6,5000,OCVdc,586.973,52802.9,4.1868,2.7002,41.023,10562,2016-01-20 03:29:27.589779
Cell7,0,C1ch,713.3813,3468.33,2.7186,4.2,40.71,3470,2014-12-21 20:36:02.280812
Cell7,0,C1dc,728.7461,3543.44,4.1922,2.6999,41.069,3545,2014-12-21 19:36:58.843051
Cell7,0,OCVch,736.1541,66723.66,2.7004,4.1996,40.641,13346,2014-12-23 00:21:20.837299
Cell7,0,OCVdc,730.7085,64922.8,4.1898,2.6999,40.66,12986,2014-12-22 06:19:18.035169
Cell7,100,C1ch,704.0155,3423.51,2.719,4.2,40.829,3425,2014-12-29 00:16:32.008550
Cell7,100,C1dc,720.3478,3502.88,4.1933,2.6999,41.187,3504,2014-12-28 23:18:09.131825
Cell7,100,OCVch,730.0885,66215.13,2.7007,4.1999,40.676,13244,2014-12-30 03:53:21.099676
Cell7,100,OCVdc,725.6224,64451.09,4.1906,2.7002,40.699,12891,2014-12-29 09:59:10.011433
Cell7,200,C1ch,699.4808,3402.38,2.7197,4.2,40.845,3404,2015-01-05 03:39:30.688107
Cell7,200,C1dc,716.2138,3483.38,4.1932,2.7,41.166,3485,2015-01-05 02:41:27.310099
Cell7,200,OCVch,726.8744,65865.16,2.7008,4.1999,40.67,13174,2015-01-06 07:11:36.860711
Cell7,200,OCVdc,722.1983,64187.26,4.191,2.7002,40.702,12838,2015-01-05 13:21:49.603726
Cell7,300,C1ch,698.0793,3394.46,2.7205,4.1998,40.886,3396,2015-01-13 20:04:25.731825
Cell7,300,C1dc,713.9551,3471.5,4.1929,2.6999,41.242,3473,2015-01-13 19:06:34.230467
Cell7,300,OCVch,722.9063,65648.81,2.701,4.2,40.734,13131,2015-01-14 23:29:20.892233
Cell7,300,OCVdc,718.6849,63767.81,4.1911,2.7002,40.768,12755,2015-01-14 05:46:33.085568
Cell7,400,C1ch,693.7314,3373.05,2.7205,4.1998,40.862,3375,2015-01-20 23:05:38.053118
Cell7,400,C1dc,710.3505,3454.38,4.1935,2.7001,41.232,3456,2015-01-20 22:08:03.672740
Cell7,400,OCVch,719.7754,65197.93,2.7006,4.1999,40.712,13041,2015-01-22 02:29:25.621809
Cell7,400,OCVdc,716.5294,63719.74,4.1914,2.7001,40.745,12745,2015-01-21 08:47:25.882073
Cell7,500,C1ch,690.7108,3358.71,2.7209,4.1998,40.858,3360,2015-01-28 01:57:56.226826
Cell7,500,C1dc,707.6045,3441.32,4.1935,2.7,41.231,3443,2015-01-28 01:00:34.909755
Cell7,500,OCVch,716.6505,64913.29,2.7011,4.2,40.766,12984,2015-01-29 05:18:01.334060
Cell7,500,OCVdc,714.0641,63506.64,4.1918,2.7001,40.78,12702,2015-01-28 11:39:34.688109
Cell7,600,C1ch,687.9864,3345.97,2.7213,4.2,40.915,3347,2015-02-04 04:41:26.847190
Cell7,600,C1dc,705.1039,3429.32,4.1935,2.7,41.298,3431,2015-02-04 03:44:17.525095
Cell7,600,OCVch,713.7981,64675.45,2.7008,4.1999,40.746,12936,2015-02-05 07:57:28.121567
Cell7,600,OCVdc,711.6651,63270.86,4.1919,2.6999,40.791,12655,2015-02-04 14:22:57.258486
Cell7,700,C1ch,687.5049,3344.38,2.7361,4.2,40.861,3346,2015-02-11 19:58:56.392825
Cell7,700,C1dc,705.0078,3429.2,4.193,2.7001,41.233,3431,2015-02-11 19:01:47.139468
Cell7,700,OCVch,711.4737,64038.19,2.7022,4.1999,40.741,12809,2015-02-12 23:24:29.385033
Cell7,700,OCVdc,709.3408,63841.04,4.1919,2.7,40.752,12770,2015-02-12 05:40:28.297172
Cell7,800,C1ch,684.2759,3328.53,2.736,4.2,40.887,3330,2015-02-18 22:33:01.146955
Cell7,800,C1dc,702.2042,3415.71,4.1934,2.7001,41.266,3417,2015-02-18 21:36:05.388728
Cell7,800,OCVch,709.0766,63817.19,2.7023,4.1997,40.758,12764,2015-02-20 01:55:17.972153
Cell7,800,OCVdc,707.268,63658.33,4.192,2.7001,40.795,12733,2015-02-19 08:14:19.591931
Cell7,900,C1ch,682.0737,3317.84,2.7357,4.1997,40.883,3319,2015-02-26 01:00:04.474575
Cell7,900,C1dc,700.1065,3405.6,4.1933,2.7001,41.284,3407,2015-02-26 00:03:18.828644
Cell7,900,OCVch,706.7729,63609.21,2.7024,4.1998,40.722,12723,2015-02-27 04:18:58.723100
Cell7,900,OCVdc,705.0664,63461.12,4.192,2.7001,40.76,12693,2015-02-26 10:41:17.555488
Cell7,1000,C1ch,679.8295,3307.0,2.7359,4.1999,40.897,3309,2015-03-05 03:20:03.775557
Cell7,1000,C1dc,698.025,3395.56,4.1936,2.7001,41.301,3397,2015-03-05 02:23:28.167612
Cell7,1000,OCVch,704.5007,63405.99,2.7024,4.1999,40.765,12682,2015-03-06 06:35:41.300958
Cell7,1000,OCVdc,702.919,63267.47,4.1919,2.7,40.77,12655,2015-03-05 13:01:13.780465
Cell7,1100,C1ch,677.7363,3296.72,2.7358,4.1999,40.883,3298,2015-03-12 05:33:19.871232
Cell7,1100,C1dc,695.961,3385.66,4.1934,2.7001,41.281,3387,2015-03-12 04:36:54.165396
Cell7,1100,OCVch,702.3907,63213.04,2.7023,4.1998,40.749,12644,2015-03-13 08:45:54.307393
Cell7,1100,OCVdc,700.8917,63088.73,4.1921,2.7,40.789,12619,2015-03-12 15:14:25.526909
Cell7,1200,C1ch,675.6162,3286.4,2.736,4.1999,40.889,3288,2015-03-19 07:39:37.026432
Cell7,1200,C1dc,694.0032,3376.32,4.1932,2.7001,41.279,3378,2015-03-19 06:43:20.652872
Cell7,1200,OCVch,700.3076,63023.44,2.702,4.1998,40.731,12606,2015-03-20 10:49:05.752365
Cell7,1200,OCVdc,698.8487,62906.47,4.1922,2.7001,40.794,12583,2015-03-19 17:20:39.230487
Cell7,1300,C1ch,673.597,3276.59,2.7358,4.1997,40.885,3278,2015-03-26 09:39:29.267877
Cell7,1300,C1dc,692.0997,3367.05,4.1932,2.7001,41.268,3369,2015-03-26 08:43:22.162393
Cell7,1300,OCVch,698.2312,62838.05,2.7025,4.1999,40.788,12569,2015-03-27 12:45:55.714413
Cell7,1300,OCVdc,696.8781,62728.26,4.1922,2.7001,40.793,12547,2015-03-26 19:20:27.405701
Cell7,1400,C1ch,671.6257,3267.06,2.7358,4.1999,40.903,3269,2015-04-02 11:33:14.238191
Cell7,1400,C1dc,690.2711,3358.14,4.193,2.6999,41.29,3360,2015-04-02 10:37:16.048158
Cell7,1400,OCVch,696.352,62668.66,2.7024,4.1999,40.755,12535,2015-04-03 14:36:46.765262
Cell7,1400,OCVdc,694.9813,62557.36,4.1922,2.7002,40.806,12513,2015-04-02 21:14:09.350754
Cell7,1600,C1ch,667.9663,3249.36,2.7363,4.1999,40.887,3251,2015-04-17 14:10:16.865225
Cell7,1600,C1dc,686.4617,3338.87,4.1926,2.7002,41.268,3340,2015-04-17 13:14:37.944862
Cell7,1600,OCVch,692.4263,62325.31,2.7024,4.1998,40.739,12467,2015-04-18 17:07:27.322854
Cell7,1600,OCVdc,690.8965,62177.84,4.192,2.7001,40.78,12437,2015-04-17 23:51:09.430367
Cell7,1800,C1ch,663.3722,3226.74,2.7361,4.1998,40.928,3228,2015-05-04 18:59:01.268229
Cell7,1800,C1dc,682.4584,3319.65,4.1926,2.7001,41.298,3321,2015-05-04 18:03:41.562669
Cell7,1800,OCVch,688.0056,61919.54,2.7023,4.2,40.779,12385,2015-05-05 21:50:07.027142
Cell7,1800,OCVdc,686.7572,61814.16,4.1919,2.7002,40.795,12364,2015-05-05 04:39:52.812174
Cell7,1900,C1ch,661.1311,3216.1,2.7362,4.1999,40.937,3218,2015-05-12 13:35:24.473637
Cell7,1900,C1dc,680.1675,3308.33,4.1923,2.6999,41.314,3310,2015-05-12 12:40:16.095274
Cell7,1900,OCVch,686.1198,61756.76,2.7022,4.1999,40.732,12353,2015-05-13 16:23:08.851798
Cell7,1900,OCVdc,684.6557,61616.86,4.1918,2.7001,40.8,12325,2015-05-12 23:16:11.938978
Cell7,2000,C1ch,658.7839,3204.79,2.7362,4.1999,41.019,3206,2015-05-20 13:34:43.886430
Cell7,2000,C1dc,677.9979,3297.78,4.1924,2.7002,41.398,3299,2015-05-20 12:39:46.059669
Cell7,2000,OCVch,683.8877,61557.51,2.7021,4.1997,40.84,12313,2015-05-21 16:19:07.692243
Cell7,2000,OCVdc,682.467,61420.69,4.1918,2.7,40.882,12286,2015-05-20 23:15:26.955175
Cell7,2100,C1ch,656.5749,3193.63,2.7368,4.1999,40.973,3195,2015-05-27 14:44:40.656636
Cell7,2100,C1dc,676.4507,3290.64,4.193,2.6999,41.362,3292,2015-05-27 13:49:49.968651
Cell7,2100,OCVch,681.928,61369.43,2.7023,4.1999,40.835,12275,2015-05-28 17:26:44.997383
Cell7,2100,OCVdc,680.82,61283.75,4.1923,2.7001,40.849,12258,2015-05-28 00:25:21.195460
Cell7,2200,C1ch,654.4452,3183.5,2.7366,4.2,40.982,3185,2015-06-04 16:34:16.522829
Cell7,2200,C1dc,673.9377,3278.13,4.1921,2.7,41.36,3280,2015-06-04 15:39:38.337673
Cell7,2200,OCVch,679.9666,61199.78,2.7022,4.1999,40.808,12241,2015-06-05 19:12:42.592933
Cell7,2200,OCVdc,678.4764,61065.57,4.1917,2.7001,40.836,12215,2015-06-05 02:14:56.974780
Cell7,2300,C1ch,652.228,3172.43,2.7366,4.1998,40.969,3174,2015-06-11 17:32:07.047738
Cell7,2300,C1dc,672.4685,3271.27,4.1929,2.7,41.367,3273,2015-06-11 16:37:35.731133
Cell7,2300,OCVch,677.9933,61013.28,2.7021,4.1999,40.814,12204,2015-06-12 20:08:16.871911
Cell7,2300,OCVdc,676.8857,60929.87,4.1923,2.7003,40.841,12187,2015-06-12 03:12:46.948164
Cell7,2400,C1ch,649.9303,3161.52,2.7366,4.2,40.948,3163,2015-06-19 16:13:25.400225
Cell7,2400,C1dc,669.815,3258.01,4.1921,2.6999,41.328,3260,2015-06-19 15:19:07.334664
Cell7,2400,OCVch,675.8562,60829.74,2.7024,4.1999,40.824,12167,2015-06-20 18:45:47.912615
Cell7,2400,OCVdc,674.464,60702.76,4.192,2.7001,40.836,12142,2015-06-20 01:54:05.104765
Cell7,2500,C1ch,647.6624,3150.18,2.737,4.2001,40.929,3152,2015-06-26 16:59:00.143840
Cell7,2500,C1dc,668.3162,3251.07,4.1927,2.7,41.315,3253,2015-06-26 16:04:49.027618
Cell7,2500,OCVch,673.8306,60636.47,2.7022,4.1999,40.768,12128,2015-06-27 19:29:03.254673
Cell7,2500,OCVdc,672.81,60563.83,4.192,2.7001,40.81,12114,2015-06-27 02:39:39.373871
Cell7,2600,C1ch,645.087,3137.91,2.7372,4.1999,40.893,3139,2015-07-06 20:50:45.480236
Cell7,2600,C1dc,665.2058,3235.6,4.1917,2.6999,41.268,3237,2015-07-06 19:56:49.825477
Cell7,2600,OCVch,671.6147,60447.71,2.7024,4.1999,40.782,12091,2015-07-07 23:16:10.241522
Cell7,2600,OCVdc,669.883,60290.64,4.1915,2.7001,40.788,12060,2015-07-07 06:31:19.550578
Cell7,2700,C1ch,642.9978,3127.52,2.7375,4.2,40.941,3129,2015-07-13 21:22:58.792441
Cell7,2700,C1dc,663.9369,3229.76,4.1922,2.7,41.324,3231,2015-07-13 20:29:08.985789
Cell7,2700,OCVch,669.4844,60246.06,2.7024,4.2,40.772,12050,2015-07-14 23:46:20.970355
Cell7,2700,OCVdc,668.439,60169.66,4.1921,2.7,40.797,12035,2015-07-14 07:03:31.256676
Cell7,2800,C1ch,640.8938,3117.31,2.7375,4.2,40.941,3119,2015-07-20 21:49:47.201943
Cell7,2800,C1dc,662.0301,3220.46,4.1921,2.7,41.328,3222,2015-07-20 20:56:06.694949
Cell7,2800,OCVch,667.6138,60079.87,2.7024,4.1998,40.806,12017,2015-07-22 00:10:25.046268
Cell7,2800,OCVdc,666.6106,60004.18,4.1918,2.7001,40.828,12002,2015-07-21 07:30:20.815910
Cell7,2900,C1ch,638.2877,3104.64,2.7379,4.1998,41.03,3106,2015-08-01 19:47:24.554423
Cell7,2900,C1dc,658.9018,3205.19,4.1916,2.7,41.403,3207,2015-08-01 18:53:59.316065
Cell7,2900,OCVch,665.3995,59879.07,2.7024,4.1999,40.786,11977,2015-08-02 22:03:21.959654
Cell7,2900,OCVdc,663.5768,59731.46,4.1913,2.7001,40.85,11948,2015-08-02 05:27:50.451967
Cell7,3000,C1ch,636.536,3096.08,2.7379,4.2001,40.887,3098,2015-08-08 20:00:28.156861
Cell7,3000,C1dc,657.9,3200.35,4.1923,2.7001,41.275,3202,2015-08-08 19:07:07.752173
Cell7,3000,OCVch,663.4299,59702.27,2.7024,4.1998,40.735,11941,2015-08-09 22:14:34.611256
Cell7,3000,OCVdc,662.3937,59624.06,4.1917,2.7,40.764,11926,2015-08-09 05:40:50.501508
Cell7,3100,C1ch,634.3012,3085.25,2.7379,4.2001,40.955,3087,2015-08-15 20:08:44.296194
Cell7,3100,C1dc,655.9158,3190.69,4.1919,2.6999,41.355,3192,2015-08-15 19:15:33.550757
Cell7,3100,OCVch,661.6137,59540.1,2.7024,4.1999,40.775,11909,2015-08-16 22:20:16.470697
Cell7,3100,OCVdc,660.6185,59463.29,4.1917,2.7001,40.8,11894,2015-08-16 05:49:13.125164
Cell7,3200,C1ch,631.6668,3072.43,2.7382,4.1998,40.979,3074,2015-08-24 19:33:20.976430
Cell7,3200,C1dc,652.825,3175.59,4.1912,2.6998,41.359,3177,2015-08-24 18:40:25.338665
Cell7,3200,OCVch,659.4034,59341.65,2.7024,4.1999,40.82,11870,2015-08-25 21:40:38.923585
Cell7,3200,OCVdc,657.835,59213.62,4.1915,2.6999,40.852,11844,2015-08-25 05:13:45.252568
Cell7,3300,C1ch,629.8593,3063.71,2.738,4.2,41.028,3065,2015-08-31 19:28:41.496181
Cell7,3300,C1dc,651.8483,3170.95,4.1915,2.7003,41.417,3172,2015-08-31 18:35:50.496252
Cell7,3300,OCVch,657.4582,59166.77,2.7027,4.1996,40.843,11834,2015-09-01 21:34:08.854608
Cell7,3300,OCVdc,656.5784,59101.15,4.1915,2.6999,40.869,11821,2015-09-01 05:09:07.652424
Cell7,3500,C1ch,626.9149,3049.71,2.7379,4.1998,41.075,3051,2015-09-16 15:20:56.197431
Cell7,3500,C1dc,647.499,3149.46,4.1907,2.6999,41.48,3151,2015-09-16 14:28:26.687467
Cell7,3500,OCVch,649.6823,58477.52,2.7028,4.2,24.855,11697,2015-09-17 17:19:02.999879
Cell7,3500,OCVdc,652.3557,58711.67,4.1914,2.7,40.24,11744,2015-09-17 01:00:31.282175
Cell7,3600,C1ch,625.2532,3041.32,2.7379,4.1998,41.067,3043,2015-09-23 14:52:02.040573
Cell7,3600,C1dc,646.8315,3146.59,4.1919,2.7001,41.463,3148,2015-09-23 13:59:35.404412
Cell7,3600,OCVch,652.1745,58692.04,2.7025,4.1998,40.86,11739,2015-09-24 16:48:40.132850
Cell7,3600,OCVdc,651.2427,58621.31,4.1918,2.7002,40.898,11725,2015-09-24 00:31:38.774674
Cell7,3700,C1ch,620.3298,3017.35,2.7382,4.2,39.039,3019,2015-09-30 14:25:04.676422
Cell7,3700,C1dc,645.3042,3139.14,4.1919,2.7001,41.557,3141,2015-09-30 13:32:45.485715
Cell7,3700,OCVch,646.7499,58203.41,2.7039,4.1998,23.942,11642,2015-10-01 16:19:17.128824
Cell7,3700,OCVdc,648.5678,58379.93,4.1926,2.7,23.875,11677,2015-10-01 00:06:17.148739
Cell7,3800,C1ch,621.4531,3022.8,2.7378,4.1996,41.023,3024,2015-10-12 18:23:11.217630
Cell7,3800,C1dc,642.4369,3125.05,4.1914,2.7001,41.409,3127,2015-10-12 17:31:06.121072
Cell7,3800,OCVch,648.8405,58393.77,2.7023,4.1998,40.855,11680,2015-10-13 20:13:38.132399
Cell7,3800,OCVdc,647.3291,58266.84,4.1916,2.7,40.888,11655,2015-10-13 04:02:31.246380
Cell7,3900,C1ch,619.9798,3015.67,2.738,4.1998,41.029,3017,2015-10-19 17:44:56.868105
Cell7,3900,C1dc,641.9202,3122.62,4.1918,2.7,41.43,3124,2015-10-19 16:52:54.199114
Cell7,3900,OCVch,647.3432,58257.77,2.7024,4.1998,40.854,11653,2015-10-20 19:34:12.317521
Cell7,3900,OCVdc,646.4293,58186.2,4.1917,2.7001,40.885,11638,2015-10-20 03:24:26.070815
Cell7,4000,C1ch,618.0221,3006.11,2.7383,4.2,41.014,3008,2015-10-26 17:03:28.318527
Cell7,4000,C1dc,640.2204,3114.31,4.1916,2.6998,41.415,3116,2015-10-26 16:11:33.961380
Cell7,4000,OCVch,645.7644,58115.37,2.7023,4.1999,40.829,11624,2015-10-27 18:50:30.323736
Cell7,4000,OCVdc,644.8819,58046.21,4.1915,2.6998,40.863,11610,2015-10-27 02:43:04.062179
Cell7,4100,C1ch,615.5299,2994.01,2.7388,4.1998,41.021,2996,2015-11-04 11:39:59.158435
Cell7,4100,C1dc,637.2625,3099.8,4.1909,2.7,41.404,3101,2015-11-04 10:48:19.307868
Cell7,4100,OCVch,643.8864,57947.49,2.7024,4.1998,40.843,11591,2015-11-05 13:23:09.485540
Cell7,4100,OCVdc,642.3731,57819.24,4.1913,2.7002,40.872,11565,2015-11-04 21:19:30.199175
Cell7,4200,C1ch,614.1017,2987.33,2.7387,4.1997,41.02,2989,2015-11-11 16:25:14.730827
Cell7,4200,C1dc,636.4618,3095.71,4.1907,2.7001,41.398,3097,2015-11-11 15:33:38.968872
Cell7,4200,OCVch,642.2591,57810.46,2.7022,4.1999,40.834,11564,2015-11-12 18:06:53.015764
Cell7,4200,OCVdc,641.2789,57712.36,4.1913,2.7001,40.863,11544,2015-11-12 02:05:00.607767
Cell7,4300,C1ch,611.89,2976.4,2.7391,4.1999,41.051,2978,2015-11-18 15:28:59.970627
Cell7,4300,C1dc,634.8833,3088.35,4.191,2.6999,41.462,3090,2015-11-18 14:37:31.573598
Cell7,4300,OCVch,640.7269,57664.63,2.7025,4.1998,40.849,11534,2015-11-19 17:08:50.208131
Cell7,4300,OCVdc,639.8975,57595.37,4.1912,2.7001,40.883,11520,2015-11-19 01:08:54.783708
Cell7,4400,C1ch,610.0965,2967.7,2.7392,4.1997,41.046,2969,2015-11-25 14:28:33.556742
Cell7,4400,C1dc,633.3858,3081.08,4.1906,2.7,41.466,3083,2015-11-25 13:37:12.426542
Cell7,4400,OCVch,639.3567,57541.8,2.7023,4.1997,40.848,11509,2015-11-26 16:06:30.317332
Cell7,4400,OCVdc,638.5523,57474.04,4.1913,2.7003,40.884,11496,2015-11-26 00:08:36.231348
Cell7,4500,C1ch,607.8592,2956.75,2.7395,4.2001,41.065,2958,2015-12-03 13:20:55.641627
Cell7,4500,C1dc,630.5556,3067.2,4.1898,2.7,41.447,3069,2015-12-03 12:29:48.388469
Cell7,4500,OCVch,637.7063,57393.24,2.7027,4.1997,40.853,11480,2015-12-04 14:55:24.600860
Cell7,4500,OCVdc,636.3193,57273.84,4.1903,2.7,40.886,11456,2015-12-03 23:00:50.705773
Cell7,4600,C1ch,606.3175,2949.32,2.7395,4.1998,41.068,2951,2015-12-10 12:10:24.046686
Cell7,4600,C1dc,630.0056,3064.63,4.1904,2.7,41.482,3066,2015-12-10 11:19:19.364425
Cell7,4600,OCVch,636.0963,57248.13,2.7023,4.1999,40.868,11451,2015-12-11 13:43:33.465081
Cell7,4600,OCVdc,635.2977,57181.74,4.1908,2.7001,40.906,11437,2015-12-10 21:50:31.672552
Cell7,4800,C1ch,602.636,2931.4,2.74,4.1999,41.075,2933,2015-12-26 13:19:51.742859
Cell7,4800,C1dc,626.749,3048.77,4.1904,2.7001,41.482,3050,2015-12-26 12:29:02.920933
Cell7,4800,OCVch,633.2123,56988.94,2.7023,4.1999,40.859,11399,2015-12-27 14:48:41.611837
Cell7,4800,OCVdc,632.3595,56916.86,4.1909,2.7,40.894,11384,2015-12-26 23:00:04.699716
Cell7,5000,C1ch,598.9102,2913.55,2.7403,4.1998,41.119,2915,2016-01-19 17:52:36.289431
Cell7,5000,C1dc,623.0464,3030.5,4.189,2.6999,41.496,3032,2016-01-19 17:02:05.735873
Cell7,5000,OCVch,630.025,56711.5,2.7025,4.1998,40.913,11344,2016-01-20 19:16:21.551824
Cell7,5000,OCVdc,628.9446,56602.45,4.1906,2.6999,40.944,11322,2016-01-20 03:32:59.048177
Cell7,5100,C1ch,596.8519,2903.32,2.7406,4.1999,40.998,2905,2016-01-26 15:37:56.690779
Cell7,5100,C1dc,621.9011,3025.34,4.1898,2.7,41.492,3027,2016-01-26 14:47:31.303276
Cell7,5100,OCVch,628.733,56585.72,2.7024,4.2,40.886,11318,2016-01-27 17:00:28.466355
Cell7,5100,OCVdc,627.8952,56517.06,4.1906,2.7002,40.822,11304,2016-01-27 01:18:31.355013
Cell7,5200,C1ch,594.7578,2893.42,2.7411,4.2,40.7,2895,2016-02-07 17:41:01.553831
Cell7,5200,C1dc,618.8233,3010.07,4.1893,2.6999,41.136,3012,2016-02-07 16:50:51.430861
Cell7,5200,OCVch,626.7483,56416.57,2.7026,4.1997,40.42,11285,2016-02-08 18:58:42.502107
Cell7,5200,OCVdc,625.1116,56257.96,4.1902,2.7,40.463,11253,2016-02-08 03:21:04.494771
Cell7,5300,C1ch,593.7064,2888.1,2.7412,4.1998,40.673,2890,2016-02-14 15:57:04.721557
Cell7,5300,C1dc,618.9549,3011.14,4.1897,2.7,41.126,3013,2016-02-14 15:06:53.530034
Cell7,5300,OCVch,625.7173,56317.31,2.7025,4.1996,40.413,11265,2016-02-15 17:15:09.179461
Cell7,5300,OCVdc,624.9888,56253.64,4.1907,2.7001,40.461,11252,2016-02-15 01:37:35.487803
Cell7,5400,C1ch,591.9279,2879.5,2.7412,4.2001,40.68,2881,2016-02-21 14:11:38.511936
Cell7,5400,C1dc,617.5277,3004.12,4.1896,2.6998,41.1,3006,2016-02-21 13:21:34.345430
Cell7,5400,OCVch,624.6415,56218.7,2.7025,4.2,40.425,11245,2016-02-22 15:27:59.035984
Cell7,5400,OCVdc,623.7455,56142.12,4.1903,2.7,40.464,11229,2016-02-21 23:52:16.867097
Cell7,5500,C1ch,589.4055,2867.12,2.7418,4.2,40.72,2869,2016-03-05 00:35:33.748424
Cell7,5500,C1dc,614.2926,2988.23,4.1888,2.7002,41.168,2990,2016-03-04 23:45:45.469069
Cell7,5500,OCVch,622.6024,56036.2,2.7027,4.1996,40.437,11209,2016-03-06 01:47:22.018387
Cell7,5500,OCVdc,620.9031,55886.21,4.1899,2.7,40.483,11179,2016-03-05 10:15:55.754972
Cell7,5600,C1ch,588.7069,2863.8,2.7418,4.1999,40.682,2865,2016-03-11 22:39:04.435882
Cell7,5600,C1dc,614.5691,2989.8,4.1892,2.6999,41.122,2991,2016-03-11 21:49:14.590130
Cell7,5600,OCVch,621.7459,55958.43,2.7027,4.1999,40.438,11193,2016-03-12 23:51:12.187624
Cell7,5600,OCVdc,620.8807,55884.56,4.1902,2.7001,40.494,11178,2016-03-12 08:19:47.579500
Cell7,5700,C1ch,586.9598,2855.28,2.7419,4.2001,40.696,2857,2016-03-18 20:41:35.172046
Cell7,5700,C1dc,613.1147,2982.65,4.1891,2.6999,41.117,2984,2016-03-18 19:51:52.468912
Cell7,5700,OCVch,620.5111,55847.13,2.7027,4.1998,40.442,11170,2016-03-19 21:51:49.918014
Cell7,5700,OCVdc,619.5844,55768.07,4.1901,2.7001,40.494,11155,2016-03-19 06:22:21.792994
Cell7,5800,C1ch,585.5191,2848.17,2.7416,4.1998,40.749,2850,2016-03-25 19:49:50.702433
Cell7,5800,C1dc,611.3463,2973.91,4.1883,2.6999,41.177,2975,2016-03-25 19:00:16.746064
Cell7,5800,OCVch,619.1966,55728.03,2.7026,4.2,40.449,11147,2016-03-26 20:57:55.065041
Cell7,5800,OCVdc,618.1235,55637.02,4.19,2.6999,40.503,11129,2016-03-26 05:30:37.989772
Cell7,5900,C1ch,583.6923,2839.36,2.7421,4.2,40.711,2841,2016-04-01 17:44:20.226320
Cell7,5900,C1dc,610.0333,2967.72,4.1886,2.7001,41.136,2969,2016-04-01 16:54:52.457948
Cell7,5900,OCVch,618.215,55638.87,2.7028,4.1999,40.466,11129,2016-04-02 18:50:55.097068
Cell7,5900,OCVdc,617.0714,55542.14,4.1897,2.7003,40.503,11109,2016-04-02 03:25:12.911136
Cell7,6000,C1ch,582.1183,2831.7,2.7423,4.1996,40.717,2833,2016-04-08 15:35:49.059546
Cell7,6000,C1dc,608.8086,2961.7,4.1884,2.7,41.129,2963,2016-04-08 14:46:27.311378
Cell7,6000,OCVch,616.9674,55528.28,2.7026,4.1999,40.447,11107,2016-04-09 16:40:44.245972
Cell7,6000,OCVdc,615.9133,55437.57,4.19,2.6999,40.49,11089,2016-04-09 01:16:46.629479
Cell7,6100,C1ch,579.8976,2821.07,2.7424,4.1999,40.764,2823,2016-04-16 15:13:52.831029
Cell7,6100,C1dc,606.0534,2947.9,4.1869,2.7,41.191,2949,2016-04-16 14:24:44.879668
Cell7,6100,OCVch,615.7429,55425.37,2.7028,4.1997,40.461,11087,2016-04-17 16:15:49.338752
Cell7,6100,OCVdc,613.9964,55256.35,4.1891,2.6998,40.499,11053,2016-04-17 00:54:52.940165
Cell7,6200,C1ch,579.0512,2816.8,2.7426,4.2,40.716,2818,2016-04-23 12:57:17.831645
Cell7,6200,C1dc,605.9034,2947.59,4.1884,2.7003,41.149,2949,2016-04-23 12:08:10.192845
Cell7,6200,OCVch,614.3335,55292.97,2.7028,4.1998,40.445,11060,2016-04-24 13:58:14.355012
Cell7,6200,OCVdc,613.2726,55198.37,4.19,2.7003,40.484,11041,2016-04-23 22:38:15.932454
Cell7,6300,C1ch,577.5037,2809.31,2.7426,4.1999,40.713,2811,2016-04-30 10:37:30.730788
Cell7,6300,C1dc,604.6515,2941.44,4.1883,2.7,41.118,2943,2016-04-30 09:48:29.238002
Cell7,6300,OCVch,613.3227,55200.76,2.7026,4.2,40.453,11041,2016-05-01 11:36:47.197104
Cell7,6300,OCVdc,612.0935,55092.85,4.1895,2.7,40.493,11020,2016-04-30 20:18:34.298123
Cell7,6400,C1ch,575.2078,2797.96,2.7426,4.1999,40.774,2799,2016-05-09 12:12:54.904628
Cell7,6400,C1dc,601.8397,2927.62,4.1869,2.7,41.197,2929,2016-05-09 11:24:07.234459
Cell7,6400,OCVch,612.0704,55084.61,2.7026,4.2,40.466,11018,2016-05-10 13:09:10.106407
Cell7,6400,OCVdc,610.0579,54910.24,4.1887,2.7002,40.502,10984,2016-05-09 21:53:59.820568
Cell7,6500,C1ch,574.8589,2796.42,2.7425,4.2001,40.939,2798,2016-05-16 09:44:57.079990
Cell7,6500,C1dc,602.0161,2928.66,4.1881,2.7001,41.412,2930,2016-05-16 08:56:08.368567
Cell7,6500,OCVch,610.649,54959.07,2.7027,4.1998,40.627,10993,2016-05-17 10:39:53.805389
Cell7,6500,OCVdc,609.346,54845.38,4.1894,2.6999,40.668,10970,2016-05-16 19:25:48.378804
Cell7,6600,C1ch,573.408,2789.32,2.7426,4.1998,40.976,2791,2016-05-23 07:13:24.153068
Cell7,6600,C1dc,600.727,2922.35,4.1879,2.7,41.418,2924,2016-05-23 06:24:41.753450
Cell7,6600,OCVch,609.6929,54871.03,2.7026,4.1998,40.636,10975,2016-05-24 08:06:56.092878
Cell7,6600,OCVdc,608.305,54752.6,4.1893,2.7001,40.675,10952,2016-05-23 16:54:23.437999
Cell7,6700,C1ch,573.2221,2788.66,2.7425,4.1999,41.043,2790,2016-06-09 12:20:16.735826
Cell7,6700,C1dc,598.7575,2912.26,4.1873,2.7002,41.484,2914,2016-06-09 11:31:44.423661
Cell7,6700,OCVch,607.8383,54716.14,2.7025,4.1999,40.627,10945,2016-06-10 13:08:30.731686
Cell7,6700,OCVdc,605.6133,54498.26,4.1886,2.6999,40.674,10901,2016-06-09 22:00:12.423969
Cell7,6800,C1ch,572.2755,2783.93,2.7428,4.1998,41.003,2785,2016-06-16 09:38:46.811409
Cell7,6800,C1dc,599.0486,2914.17,4.1884,2.7,41.512,2916,2016-06-16 08:50:12.593772
Cell7,6800,OCVch,606.861,54620.9,2.7027,4.2,40.648,10925,2016-06-17 10:27:29.472060
Cell7,6800,OCVdc,605.5561,54500.94,4.1895,2.7001,40.696,10901,2016-06-16 19:19:08.481858
Cell7,6900,C1ch,570.7766,2776.62,2.743,4.1999,40.993,2778,2016-06-23 06:56:12.205577
Cell7,6900,C1dc,597.8516,2908.29,4.1885,2.7001,41.457,2910,2016-06-23 06:07:43.861334
Cell7,6900,OCVch,605.8795,54532.71,2.7025,4.1999,40.657,10908,2016-06-24 07:43:32.434117
Cell7,6900,OCVdc,604.5555,54411.19,4.1894,2.6999,40.693,10883,2016-06-23 16:36:41.190351
Cell7,7000,C1ch,568.2468,2764.27,2.7431,4.1998,41.071,2766,2016-07-04 17:31:16.998432
Cell7,7000,C1dc,594.9916,2894.15,4.1868,2.7001,41.521,2896,2016-07-04 16:43:02.796468
Cell7,7000,OCVch,604.449,54405.01,2.7027,4.1997,40.643,10883,2016-07-05 18:15:22.112590
Cell7,7000,OCVdc,602.3683,54213.86,4.1888,2.7001,40.688,10844,2016-07-05 03:11:48.204577
Cell7,7100,C1ch,567.7139,2761.75,2.7433,4.1998,41.134,2763,2016-07-11 14:24:31.508276
Cell7,7100,C1dc,597.1593,2904.75,4.1913,2.6999,41.469,2906,2016-07-11 13:36:06.702909
Cell7,7100,OCVch,603.555,54323.8,2.7027,4.1998,40.646,10866,2016-07-12 15:08:44.490497
Cell7,7100,OCVdc,602.2681,54203.96,4.1894,2.7001,40.692,10842,2016-07-12 00:05:20.474967
Cell7,7200,C1ch,566.0752,2753.72,2.7433,4.1998,41.023,2755,2016-07-18 11:32:43.856390
Cell7,7200,C1dc,593.9663,2889.48,4.1877,2.7,41.536,2891,2016-07-18 10:44:34.326519
Cell7,7200,OCVch,602.7182,54245.6,2.7027,4.1998,40.607,10850,2016-07-19 12:15:23.754485
Cell7,7200,OCVdc,601.1163,54101.3,4.1889,2.7,40.651,10821,2016-07-18 21:13:42.401594
Cell7,7300,C1ch,564.5127,2746.21,2.7438,4.1999,41.008,2748,2016-07-25 08:38:24.981546
Cell7,7300,C1dc,592.7688,2883.48,4.1875,2.7,41.465,2885,2016-07-25 07:50:21.446473
Cell7,7300,OCVch,601.6269,54152.37,2.7026,4.1999,40.657,10832,2016-07-26 09:19:42.402800
Cell7,7300,OCVdc,600.1492,54012.12,4.1889,2.6999,40.692,10804,2016-07-25 18:19:30.232267
Cell7,7400,C1ch,562.7335,2737.52,2.7441,4.1999,41.012,2739,2016-08-01 11:44:27.524621
Cell7,7400,C1dc,590.6982,2873.26,4.1859,2.7,41.431,2875,2016-08-01 10:56:34.214457
Cell7,7400,OCVch,600.6195,54060.96,2.7028,4.1997,40.609,10814,2016-08-02 12:23:59.279047
Cell7,7400,OCVdc,598.769,53888.0,4.1883,2.7002,40.646,10779,2016-08-01 21:25:51.229768
Cell7,7500,C1ch,561.2987,2730.58,2.7442,4.1999,40.944,2732,2016-08-08 08:43:47.792791
Cell7,7500,C1dc,589.965,2869.8,4.1871,2.7002,41.419,2871,2016-08-08 07:55:57.941892
Cell7,7500,OCVch,599.4521,53956.96,2.7026,4.1998,40.599,10792,2016-08-09 09:21:55.066222
Cell7,7500,OCVdc,597.8988,53808.88,4.1886,2.7001,40.638,10763,2016-08-08 18:25:06.132175
Cell7,7600,C1ch,559.6934,2722.76,2.7443,4.1999,40.944,2724,2016-08-15 05:39:59.927451
Cell7,7600,C1dc,588.6222,2863.31,4.1872,2.7001,41.374,2865,2016-08-15 04:52:16.566941
Cell7,7600,OCVch,598.5083,53870.26,2.7027,4.1998,40.595,10775,2016-08-16 06:16:28.613920
Cell7,7600,OCVdc,596.7385,53704.88,4.1884,2.7001,40.621,10742,2016-08-15 15:21:23.686147
Cell7,7700,C1ch,557.7899,2713.4,2.7445,4.1999,41.009,2715,2016-08-22 16:58:42.421235
Cell7,7700,C1dc,586.5107,2852.85,4.185,2.6999,41.43,2854,2016-08-22 16:11:09.516271
Cell7,7700,OCVch,597.5563,53783.36,2.7027,4.1998,40.55,10758,2016-08-23 17:33:41.979722
Cell7,7700,OCVdc,595.4599,53590.88,4.1877,2.6999,40.619,10720,2016-08-23 02:40:31.051181
Cell7,7800,C1ch,556.8607,2708.94,2.7449,4.1996,40.922,2710,2016-08-29 13:48:58.393453
Cell7,7800,C1dc,586.0649,2850.89,4.1866,2.7002,41.397,2852,2016-08-29 13:01:27.449341
Cell7,7800,OCVch,596.2038,53662.65,2.703,4.2,40.548,10734,2016-08-30 14:22:16.957638
Cell7,7800,OCVdc,594.5242,53505.01,4.1885,2.7003,40.603,10702,2016-08-29 23:30:31.893416
Cell7,7900,C1ch,555.4626,2702.19,2.7451,4.1999,40.932,2704,2016-09-05 10:35:25.627061
Cell7,7900,C1dc,584.9616,2845.5,4.1866,2.6997,41.361,2847,2016-09-05 09:48:00.077740
Cell7,7900,OCVch,595.3366,53584.65,2.7028,4.1998,40.58,10718,2016-09-06 11:07:20.308931
Cell7,7900,OCVdc,593.5287,53416.71,4.1882,2.7002,40.625,10684,2016-09-05 20:17:03.544341
Cell7,8000,C1ch,553.2455,2691.28,2.7453,4.2002,40.976,2693,2016-09-13 15:42:37.333624
Cell7,8000,C1dc,582.8397,2835.02,4.1846,2.7001,41.407,2837,2016-09-13 14:55:22.264059
Cell7,8000,OCVch,594.6784,53524.02,2.7027,4.1999,40.545,10706,2016-09-14 16:13:21.251565
Cell7,8000,OCVdc,592.3555,53311.17,4.1874,2.7003,40.603,10664,2016-09-14 01:24:50.026767
Cell7,8100,C1ch,553.0815,2690.61,2.7452,4.2,40.976,2692,2016-09-20 12:24:11.770088
Cell7,8100,C1dc,582.807,2834.97,4.1862,2.7001,41.426,2836,2016-09-20 11:36:56.746952
Cell7,8100,OCVch,593.1009,53385.08,2.7029,4.1999,40.58,10678,2016-09-21 12:53:01.278409
Cell7,8100,OCVdc,591.4023,53224.42,4.1882,2.7,40.658,10646,2016-09-20 22:05:56.806440
Cell8,0,C1ch,711.9567,3456.82,2.7182,4.1998,40.041,3458,2014-12-21 20:34:27.650617
Cell8,0,C1dc,727.528,3541.06,4.1901,2.7,40.493,3543,2014-12-21 19:35:26.593461
Cell8,0,OCVch,736.9659,64710.52,2.7008,4.1998,39.917,12944,2014-12-23 00:55:31.791212
Cell8,0,OCVdc,726.9646,67068.49,4.1855,2.7003,39.943,13415,2014-12-22 06:17:43.299372
Cell8,100,C1ch,703.0846,3414.86,2.719,4.1999,40.112,3416,2014-12-29 00:09:49.615269
Cell8,100,C1dc,720.0436,3504.74,4.1925,2.6997,40.552,3506,2014-12-28 23:11:24.870549
Cell8,100,OCVch,730.0683,64185.43,2.7009,4.2,39.943,12838,2014-12-30 04:24:54.985792
Cell8,100,OCVdc,724.3618,66781.77,4.189,2.6999,39.974,13357,2014-12-29 09:51:53.214596
Cell8,300,C1ch,696.9466,3384.12,2.7201,4.2,40.155,3386,2015-01-13 20:05:03.264824
Cell8,300,C1dc,713.4369,3472.86,4.1925,2.7001,40.592,3474,2015-01-13 19:07:10.403667
Cell8,300,OCVch,722.3748,63377.76,2.7013,4.1999,39.984,12677,2015-01-15 00:10:10.253067
Cell8,300,OCVdc,717.2164,66217.56,4.1908,2.7001,40.022,13245,2015-01-14 05:46:32.693968
Cell8,400,C1ch,692.2834,3361.92,2.7201,4.1998,40.134,3363,2015-01-20 23:01:26.628904
Cell8,400,C1dc,709.5431,3453.51,4.1931,2.6999,40.58,3455,2015-01-20 22:03:53.113126
Cell8,400,OCVch,719.05,63118.13,2.7009,4.1997,39.975,12625,2015-01-22 03:02:22.899265
Cell8,400,OCVdc,714.9528,65990.0,4.1912,2.7001,40.011,13199,2015-01-21 08:42:32.899504
Cell8,500,C1ch,689.0867,3346.71,2.7209,4.1997,40.135,3348,2015-01-28 01:48:58.768084
Cell8,500,C1dc,706.6031,3439.67,4.1933,2.7003,40.582,3441,2015-01-28 00:51:39.101406
Cell8,500,OCVch,715.643,62855.84,2.7012,4.1998,40.008,12572,2015-01-29 05:45:36.648175
Cell8,500,OCVdc,712.4284,65743.11,4.1913,2.7001,40.039,13150,2015-01-28 11:29:53.539621
Cell8,600,C1ch,686.0719,3332.83,2.721,4.2001,40.171,3334,2015-02-04 04:27:37.979064
Cell8,600,C1dc,703.9272,3426.65,4.1932,2.7,40.614,3428,2015-02-04 03:30:31.330360
Cell8,600,OCVch,712.8888,62603.76,2.7014,4.2001,39.998,12522,2015-02-05 08:20:25.089687
Cell8,600,OCVdc,710.4851,65518.72,4.1916,2.7002,40.042,13105,2015-02-04 14:08:26.370612
Cell8,700,C1ch,685.7699,3335.2,2.7362,4.1999,40.147,3337,2015-02-11 19:58:46.199428
Cell8,700,C1dc,702.8268,3419.83,4.1927,2.7002,40.589,3421,2015-02-11 19:01:46.319476
Cell8,700,OCVch,710.4526,63906.76,2.7022,4.1994,40.003,12783,2015-02-12 23:22:37.215072
Cell8,700,OCVdc,708.0489,63764.98,4.1917,2.6999,40.02,12754,2015-02-12 05:39:52.183578
Cell8,800,C1ch,682.0947,3317.32,2.7363,4.2,40.178,3319,2015-02-18 22:21:35.166408
Cell8,800,C1dc,699.6605,3404.46,4.193,2.7002,40.599,3406,2015-02-18 21:24:50.654568
Cell8,800,OCVch,707.8063,63667.25,2.7023,4.1998,40.018,12734,2015-02-20 01:41:41.565969
Cell8,800,OCVdc,705.7235,63555.98,4.1918,2.7002,40.06,12712,2015-02-19 08:02:25.539427
Cell8,900,C1ch,679.7522,3305.99,2.7361,4.1999,40.187,3307,2015-02-26 00:36:38.027808
Cell8,900,C1dc,697.5052,3394.0,4.1932,2.6999,40.599,3396,2015-02-25 23:40:03.980466
Cell8,900,OCVch,705.3806,63448.72,2.7022,4.2001,40.002,12691,2015-02-27 03:53:14.260938
Cell8,900,OCVdc,703.4243,63349.29,4.192,2.7001,40.042,12671,2015-02-26 10:17:24.919756
Cell8,1000,C1ch,677.5826,3295.61,2.736,4.2,40.2,3297,2015-03-05 02:44:32.125622
Cell8,1000,C1dc,695.4464,3383.93,4.193,2.7001,40.61,3385,2015-03-05 01:48:08.145063
Cell8,1000,OCVch,703.1441,63251.5,2.7024,4.2,40.031,12651,2015-03-06 05:57:46.017041
Cell8,1000,OCVdc,701.273,63154.09,4.1918,2.6999,40.045,12632,2015-03-05 12:25:11.881389
Cell8,1100,C1ch,675.4166,3284.97,2.7361,4.1998,40.21,3286,2015-03-12 04:45:36.024706
Cell8,1100,C1dc,693.3844,3374.09,4.1934,2.7001,40.624,3376,2015-03-12 03:49:21.888169
Cell8,1100,OCVch,700.9134,63048.35,2.7024,4.2,40.027,12611,2015-03-13 07:55:37.414695
Cell8,1100,OCVdc,699.1618,62965.55,4.1921,2.7002,40.066,12595,2015-03-12 14:26:11.813757
Cell8,1200,C1ch,673.3123,3274.82,2.7362,4.2,40.197,3276,2015-03-19 06:40:08.019095
Cell8,1200,C1dc,691.3526,3364.21,4.1929,2.6999,40.618,3366,2015-03-19 05:44:03.758023
Cell8,1200,OCVch,698.7847,62855.26,2.7021,4.1999,40.017,12572,2015-03-20 09:46:55.784787
Cell8,1200,OCVdc,697.0883,62777.17,4.1921,2.7002,40.06,12557,2015-03-19 16:20:38.560297
Cell8,1300,C1ch,671.1778,3264.39,2.736,4.1998,40.177,3266,2015-03-26 08:27:49.082109
Cell8,1300,C1dc,689.3512,3354.54,4.193,2.7001,40.632,3356,2015-03-26 07:31:54.492519
Cell8,1300,OCVch,696.6153,62663.98,2.702,4.1998,40.048,12534,2015-03-27 11:31:27.606552
Cell8,1300,OCVdc,694.9995,62590.64,4.1921,2.7001,40.062,12520,2015-03-26 18:08:16.918498
Cell8,1400,C1ch,669.1956,3254.78,2.736,4.1998,40.196,3256,2015-04-02 10:09:07.935659
Cell8,1400,C1dc,687.4919,3345.54,4.193,2.6999,40.657,3347,2015-04-02 09:13:22.341182
Cell8,1400,OCVch,694.606,62479.04,2.7024,4.1999,40.039,12497,2015-04-03 13:09:48.530812
Cell8,1400,OCVdc,693.037,62415.34,4.1919,2.7,40.087,12484,2015-04-02 19:49:33.141062
Cell8,1600,C1ch,665.6747,3237.23,2.7362,4.1999,40.209,3239,2015-04-17 14:09:47.424226
Cell8,1600,C1dc,683.6928,3326.89,4.1923,2.6999,40.65,3328,2015-04-17 13:14:20.481660
Cell8,1600,OCVch,690.6055,62115.46,2.7022,4.2,40.04,12425,2015-04-18 17:04:08.377091
Cell8,1600,OCVdc,688.8264,62039.09,4.192,2.7001,40.084,12409,2015-04-17 23:50:09.232565
Cell8,1800,C1ch,661.284,3215.92,2.7362,4.2,40.233,3217,2015-05-04 18:58:33.163232
Cell8,1800,C1dc,679.8483,3308.13,4.1921,2.7001,40.67,3310,2015-05-04 18:03:24.979073
Cell8,1800,OCVch,686.3012,61731.8,2.7023,4.2,40.05,12348,2015-05-05 21:46:49.682990
Cell8,1800,OCVdc,684.8129,61676.37,4.1919,2.7,40.085,12337,2015-05-05 04:38:53.261773
Cell8,1900,C1ch,658.8886,3204.4,2.7362,4.1998,40.236,3206,2015-05-12 13:34:57.676428
Cell8,1900,C1dc,677.4453,3296.33,4.192,2.6997,40.671,3298,2015-05-12 12:40:01.293272
Cell8,1900,OCVch,684.2549,61544.3,2.7023,4.1999,40.045,12310,2015-05-13 16:19:56.223241
Cell8,1900,OCVdc,682.6763,61481.58,4.1917,2.7001,40.097,12298,2015-05-12 23:15:14.591774
Cell8,2000,C1ch,656.5584,3193.34,2.7364,4.2001,40.273,3195,2015-05-20 13:34:17.720036
Cell8,2000,C1dc,675.2706,3285.62,4.192,2.7,40.716,3287,2015-05-20 12:39:32.054273
Cell8,2000,OCVch,682.1116,61362.06,2.7022,4.1999,40.088,12274,2015-05-21 16:16:00.921691
Cell8,2000,OCVdc,680.5739,61285.84,4.192,2.7001,40.124,12259,2015-05-20 23:14:35.034575
Cell8,2100,C1ch,654.1821,3181.6,2.7365,4.1998,40.265,3183,2015-05-27 14:37:29.496140
Cell8,2100,C1dc,673.784,3278.52,4.1924,2.7,40.694,3280,2015-05-27 13:42:50.925943
Cell8,2100,OCVch,680.0756,61176.61,2.7023,4.1998,40.087,12236,2015-05-28 17:16:47.242689
Cell8,2100,OCVdc,678.9236,61140.42,4.1919,2.6999,40.112,12229,2015-05-28 00:17:46.770597
Cell8,2200,C1ch,652.0214,3171.04,2.7368,4.2,40.239,3173,2015-06-04 16:33:51.332038
Cell8,2200,C1dc,671.1617,3265.78,4.1917,2.7,40.68,3267,2015-06-04 15:39:25.504671
Cell8,2200,OCVch,678.0863,60994.11,2.7023,4.1999,40.049,12200,2015-06-05 19:09:43.079172
Cell8,2200,OCVdc,676.5836,60933.4,4.1921,2.7001,40.091,12188,2015-06-05 02:14:09.630177
Cell8,2300,C1ch,649.7699,3160.02,2.7367,4.1996,40.245,3162,2015-06-11 17:24:39.581266
Cell8,2300,C1dc,669.7382,3258.92,4.1922,2.7001,40.679,3260,2015-06-11 16:30:20.614040
Cell8,2300,OCVch,676.0923,60812.31,2.7021,4.1999,40.062,12163,2015-06-12 19:58:07.581643
Cell8,2300,OCVdc,674.9895,60790.53,4.192,2.6999,40.094,12159,2015-06-12 03:04:57.001920
Cell8,2400,C1ch,646.8119,3145.53,2.737,4.1998,40.229,3147,2015-06-19 16:12:59.467223
Cell8,2400,C1dc,666.34,3242.44,4.1914,2.7002,40.672,3244,2015-06-19 15:18:56.980868
Cell8,2400,OCVch,673.4567,60575.28,2.7024,4.2001,40.069,12117,2015-06-20 18:42:02.908263
Cell8,2400,OCVdc,672.0021,60523.26,4.1916,2.7002,40.094,12106,2015-06-20 01:53:19.593766
Cell8,2500,C1ch,644.0109,3131.89,2.7372,4.2,40.23,3133,2015-06-26 16:51:08.069595
Cell8,2500,C1dc,664.4188,3233.14,4.1922,2.6999,40.657,3235,2015-06-26 15:57:14.876943
Cell8,2500,OCVch,670.9118,60341.74,2.7025,4.1998,40.035,12069,2015-06-27 19:16:52.723140
Cell8,2500,OCVdc,669.8279,60328.16,4.1918,2.7,40.076,12067,2015-06-27 02:31:24.510049
Cell8,2600,C1ch,640.8758,3116.59,2.7373,4.1999,40.196,3118,2015-07-06 20:50:15.329635
Cell8,2600,C1dc,660.6598,3214.86,4.1912,2.7,40.636,3216,2015-07-06 19:56:40.420871
Cell8,2600,OCVch,668.3014,60111.19,2.7023,4.1998,40.038,12024,2015-07-07 23:10:58.312596
Cell8,2600,OCVdc,666.5339,60030.64,4.1914,2.7,40.059,12008,2015-07-07 06:30:27.625372
Cell8,2700,C1ch,638.5444,3105.35,2.7374,4.1998,40.24,3107,2015-07-13 21:14:40.677621
Cell8,2700,C1dc,659.2901,3208.15,4.1917,2.7,40.659,3210,2015-07-13 20:21:12.476334
Cell8,2700,OCVch,665.7764,59880.85,2.7025,4.1999,40.044,11977,2015-07-14 23:32:38.582329
Cell8,2700,OCVdc,664.7316,59869.44,4.1919,2.7004,40.075,11975,2015-07-14 06:54:49.096081
Cell8,2800,C1ch,635.7574,3091.81,2.7374,4.2002,40.241,3093,2015-07-20 21:41:14.976427
Cell8,2800,C1dc,656.7033,3195.58,4.1915,2.6999,40.671,3197,2015-07-20 20:47:59.346405
Cell8,2800,OCVch,663.3072,59661.34,2.7024,4.1999,40.061,11933,2015-07-21 23:55:32.721707
Cell8,2800,OCVdc,662.3203,59650.46,4.1916,2.7002,40.089,11931,2015-07-21 07:21:22.213440
Cell8,2900,C1ch,632.3925,3075.51,2.7375,4.1998,40.285,3077,2015-08-01 19:46:47.903827
Cell8,2900,C1dc,652.6046,3175.5,4.1906,2.6999,40.723,3177,2015-08-01 18:53:52.353067
Cell8,2900,OCVch,660.5771,59412.48,2.7023,4.1996,40.048,11884,2015-08-02 21:55:29.482967
Cell8,2900,OCVdc,658.6998,59325.07,4.191,2.7,40.099,11867,2015-08-02 05:26:44.364164
Cell8,3000,C1ch,630.3523,3065.38,2.7377,4.2,40.208,3067,2015-08-08 19:51:46.619447
Cell8,3000,C1dc,651.5216,3170.48,4.1915,2.6999,40.637,3172,2015-08-08 18:58:56.091522
Cell8,3000,OCVch,658.0414,59182.96,2.7026,4.1999,40.016,11838,2015-08-09 21:57:46.653033
Cell8,3000,OCVdc,656.9459,59170.21,4.1915,2.7,40.049,11835,2015-08-09 05:31:36.396537
Cell8,3100,C1ch,627.7391,3052.77,2.7379,4.1999,40.252,3054,2015-08-15 19:59:51.215551
Cell8,3100,C1dc,649.2333,3159.22,4.1912,2.7001,40.683,3161,2015-08-15 19:07:11.949675
Cell8,3100,OCVch,656.0223,59004.04,2.7024,4.1999,40.034,11802,2015-08-16 22:03:06.291573
Cell8,3100,OCVdc,655.0559,58998.03,4.1914,2.7002,40.067,11801,2015-08-16 05:39:48.215776
Cell8,3200,C1ch,624.7706,3038.34,2.7379,4.2001,40.259,3040,2015-08-24 19:32:41.422631
Cell8,3200,C1dc,645.7034,3142.01,4.1902,2.7,40.706,3144,2015-08-24 18:40:19.357668
Cell8,3200,OCVch,653.8023,58807.26,2.7025,4.2,40.064,11763,2015-08-25 21:31:35.624912
Cell8,3200,OCVdc,652.2024,58739.06,4.1908,2.7003,40.101,11749,2015-08-25 05:12:36.512376
Cell8,3300,C1ch,622.8346,3028.97,2.7383,4.1999,40.298,3030,2015-08-31 19:19:54.870170
Cell8,3300,C1dc,644.6697,3137.08,4.191,2.6999,40.721,3139,2015-08-31 18:27:37.740405
Cell8,3300,OCVch,651.4762,58596.55,2.7024,4.1998,40.068,11720,2015-09-01 21:16:17.607663
Cell8,3300,OCVdc,650.4928,58587.77,4.1914,2.7,40.106,11719,2015-09-01 04:59:49.788049
Cell8,3500,C1ch,618.7481,3009.15,2.7379,4.1999,40.282,3011,2015-09-16 15:20:18.405632
Cell8,3500,C1dc,639.1332,3110.09,4.1899,2.7,40.723,3112,2015-09-16 14:28:28.269062
Cell8,3500,OCVch,643.0341,57841.17,2.703,4.1999,24.254,11570,2015-09-17 17:08:24.026429
Cell8,3500,OCVdc,645.5381,58138.22,4.1911,2.7002,39.483,11629,2015-09-17 00:59:25.757776
Cell8,3600,C1ch,616.8969,3000.22,2.738,4.1999,40.303,3002,2015-09-23 14:43:38.845917
Cell8,3600,C1dc,638.4181,3106.55,4.1912,2.6999,40.732,3108,2015-09-23 13:51:52.240519
Cell8,3600,OCVch,644.7048,57989.32,2.7023,4.1998,40.07,11599,2015-09-24 16:28:57.556826
Cell8,3600,OCVdc,643.746,57977.62,4.1913,2.7003,40.109,11597,2015-09-24 00:22:39.882274
Cell8,3700,C1ch,611.2069,2972.43,2.7379,4.1999,38.484,2974,2015-09-30 14:16:31.852016
Cell8,3700,C1dc,636.113,3095.42,4.1909,2.6999,40.767,3097,2015-09-30 13:24:56.379649
Cell8,3700,OCVch,638.6114,57437.32,2.7039,4.2,23.294,11489,2015-10-01 15:58:18.092483
Cell8,3700,OCVdc,640.3276,57671.69,4.1924,2.7,23.23,11535,2015-09-30 23:57:06.354382
Cell8,3800,C1ch,611.2047,2972.34,2.7381,4.2001,40.271,2974,2015-10-12 18:22:21.912436
Cell8,3800,C1dc,632.0343,3075.58,4.1899,2.7,40.724,3077,2015-10-12 17:31:06.278474
Cell8,3800,OCVch,640.157,57579.04,2.7024,4.1998,40.069,11517,2015-10-13 19:59:27.566796
Cell8,3800,OCVdc,638.4485,57502.41,4.191,2.7003,40.105,11502,2015-10-13 04:01:05.102571
Cell8,3900,C1ch,609.3887,2963.53,2.7381,4.1999,40.298,2965,2015-10-19 17:35:52.475081
Cell8,3900,C1dc,631.3157,3072.12,4.1907,2.6999,40.719,3074,2015-10-19 16:44:40.305434
Cell8,3900,OCVch,637.8512,57368.81,2.7022,4.2002,40.074,11475,2015-10-20 19:10:42.005758
Cell8,3900,OCVdc,636.8444,57359.49,4.1913,2.7,40.113,11473,2015-10-20 03:14:42.462041
Cell8,4000,C1ch,606.8531,2951.08,2.7383,4.1999,40.293,2953,2015-10-26 16:54:03.157330
Cell8,4000,C1dc,629.1405,3061.65,4.1904,2.7,40.729,3063,2015-10-26 16:03:01.461706
Cell8,4000,OCVch,636.1457,57211.67,2.7024,4.2,40.064,11443,2015-10-27 18:26:28.905001
Cell8,4000,OCVdc,635.0979,57205.31,4.1911,2.7,40.103,11442,2015-10-27 02:33:03.543831
Cell8,4100,C1ch,603.7391,2935.9,2.7384,4.2001,40.284,2937,2015-11-04 11:39:08.522228
Cell8,4100,C1dc,625.4674,3043.69,4.1891,2.6999,40.731,3045,2015-11-04 10:48:24.785267
Cell8,4100,OCVch,633.9966,57019.49,2.7025,4.2,40.072,11405,2015-11-05 13:07:18.925568
Cell8,4100,OCVdc,632.2557,56948.92,4.1904,2.7002,40.108,11391,2015-11-04 21:18:09.957576
Cell8,4200,C1ch,602.1046,2928.0,2.7387,4.1999,40.289,2929,2015-11-11 16:24:22.998629
Cell8,4200,C1dc,624.586,3039.43,4.1893,2.6999,40.729,3041,2015-11-11 15:33:43.520064
Cell8,4200,OCVch,632.103,56849.39,2.7023,4.1999,40.07,11371,2015-11-12 17:50:47.393784
Cell8,4200,OCVdc,630.9204,56828.75,4.1907,2.7001,40.109,11367,2015-11-12 02:03:38.589966
Cell8,4300,C1ch,599.4007,2914.95,2.739,4.1998,40.322,2916,2015-11-18 15:19:10.491849
Cell8,4300,C1dc,622.6338,3029.87,4.1895,2.7001,40.743,3031,2015-11-18 14:28:40.570152
Cell8,4300,OCVch,630.4135,56699.96,2.7023,4.1998,40.07,11341,2015-11-19 16:43:13.451912
Cell8,4300,OCVdc,629.2672,56677.74,4.1907,2.7003,40.111,11337,2015-11-19 00:58:35.664767
Cell8,4400,C1ch,596.9897,2903.25,2.7392,4.1997,40.32,2905,2015-11-25 14:18:49.199230
Cell8,4400,C1dc,620.4761,3019.38,4.1893,2.7,40.74,3021,2015-11-25 13:28:29.768745
Cell8,4400,OCVch,628.5573,56533.74,2.7024,4.2,40.071,11308,2015-11-26 15:40:09.730251
Cell8,4400,OCVdc,627.4085,56509.28,4.1904,2.7002,40.108,11303,2015-11-25 23:58:20.399484
Cell8,4500,C1ch,594.043,2888.88,2.7395,4.1999,40.314,2890,2015-12-03 13:20:08.596026
Cell8,4500,C1dc,616.9984,3002.41,4.1875,2.7003,40.756,3004,2015-12-03 12:30:06.140264
Cell8,4500,OCVch,626.5311,56352.14,2.7024,4.1998,40.066,11272,2015-12-04 14:37:34.680119
Cell8,4500,OCVdc,624.771,56271.34,4.1898,2.7,40.104,11256,2015-12-03 22:59:43.294371
Cell8,4600,C1ch,592.4407,2881.2,2.7397,4.1996,40.325,2883,2015-12-10 12:00:42.935283
Cell8,4600,C1dc,616.3393,2999.19,4.1889,2.6999,40.745,3001,2015-12-10 11:10:43.694752
Cell8,4600,OCVch,624.7946,56197.64,2.7023,4.1997,40.071,11241,2015-12-11 13:16:19.336366
Cell8,4600,OCVdc,623.5748,56162.36,4.1902,2.7,40.11,11234,2015-12-10 21:40:16.929990
Cell8,4800,C1ch,587.9164,2859.11,2.74,4.1999,40.34,2861,2015-12-26 13:09:53.282305
Cell8,4800,C1dc,612.2733,2979.5,4.1886,2.6997,40.754,2981,2015-12-26 12:20:13.729526
Cell8,4800,OCVch,621.2199,55872.25,2.7026,4.1997,40.073,11176,2015-12-27 14:20:08.715525
Cell8,4800,OCVdc,619.9211,55836.49,4.19,2.7002,40.111,11168,2015-12-26 22:49:32.174390
Cell8,5000,C1ch,583.1187,2835.92,2.7403,4.1999,40.32,2837,2016-01-19 17:51:37.814633
Cell8,5000,C1dc,607.3263,2955.34,4.187,2.7001,40.762,2957,2016-01-19 17:02:22.421470
Cell8,5000,OCVch,617.0823,55507.14,2.7025,4.2,40.071,11103,2016-01-20 18:55:13.906718
Cell8,5000,OCVdc,615.4145,55426.11,4.1893,2.7002,40.113,11087,2016-01-20 03:31:27.746570
Cell8,5100,C1ch,580.6917,2824.13,2.7405,4.1999,40.267,2826,2016-01-26 15:28:17.868954
Cell8,5100,C1dc,605.9417,2948.71,4.1877,2.7001,40.751,2950,2016-01-26 14:39:09.104562
Cell8,5100,OCVch,615.4935,55361.5,2.7025,4.1998,40.058,11073,2016-01-27 16:30:02.596455
Cell8,5100,OCVdc,614.0685,55308.3,4.1894,2.7003,40.027,11063,2016-01-27 01:08:14.250042
Cell8,5200,C1ch,577.3127,2807.78,2.7413,4.1999,39.881,2809,2016-02-07 17:40:09.847634
Cell8,5200,C1dc,601.8904,2928.94,4.1863,2.7001,40.342,2930,2016-02-07 16:51:20.854861
Cell8,5200,OCVch,612.8691,55128.87,2.7027,4.2,39.577,11027,2016-02-08 18:36:43.535413
Cell8,5200,OCVdc,610.7617,55006.86,4.1888,2.7,39.628,11003,2016-02-08 03:19:56.621170
Cell8,5300,C1ch,576.5317,2803.98,2.7409,4.1999,39.887,2805,2016-02-14 15:03:29.185488
Cell8,5300,C1dc,601.9348,2929.23,4.1879,2.7,40.325,2931,2016-02-14 14:14:39.904072
Cell8,5300,OCVch,611.1368,54973.08,2.7025,4.1998,39.572,10996,2016-02-15 15:58:29.179085
Cell8,5300,OCVdc,609.7778,54917.78,4.1895,2.7003,39.617,10985,2016-02-15 00:43:11.345590
Cell8,5400,C1ch,574.3316,2793.32,2.7411,4.2001,39.887,2795,2016-02-21 12:22:22.016911
Cell8,5400,C1dc,600.0078,2919.93,4.1874,2.7,40.353,2921,2016-02-21 11:33:42.036883
Cell8,5400,OCVch,609.7167,54841.63,2.7026,4.2,39.605,10969,2016-02-22 13:15:14.364178
Cell8,5400,OCVdc,608.2637,54782.74,4.1892,2.7001,39.633,10958,2016-02-21 22:02:11.578341
Cell8,5500,C1ch,570.7306,2775.66,2.7419,4.2001,39.908,2777,2016-03-05 00:34:41.929434
Cell8,5500,C1dc,596.349,2902.05,4.1855,2.6999,40.391,2904,2016-03-04 23:46:19.830460
Cell8,5500,OCVch,607.9209,54682.01,2.7025,4.1999,39.594,10938,2016-03-06 01:24:06.894522
Cell8,5500,OCVdc,605.7204,54555.84,4.1881,2.7001,39.657,10913,2016-03-05 10:14:50.998966
Cell8,5600,C1ch,570.2422,2773.38,2.7416,4.2,39.893,2775,2016-03-11 21:42:57.685596
Cell8,5600,C1dc,596.2266,2901.5,4.1869,2.7001,40.346,2903,2016-03-11 20:54:36.137142
Cell8,5600,OCVch,606.004,54508.91,2.7025,4.1998,39.602,10903,2016-03-12 22:30:20.964742
Cell8,5600,OCVdc,604.5136,54448.65,4.1891,2.7001,39.676,10891,2016-03-12 07:22:52.268675
Cell8,5700,C1ch,568.0643,2762.69,2.7417,4.1999,39.927,2764,2016-03-18 18:46:18.091540
Cell8,5700,C1dc,594.341,2892.46,4.1868,2.7001,40.398,2894,2016-03-18 17:58:05.577275
Cell8,5700,OCVch,604.4769,54370.75,2.7025,4.1997,39.609,10875,2016-03-19 19:31:20.048671
Cell8,5700,OCVdc,602.9069,54303.84,4.1891,2.7001,39.671,10862,2016-03-19 04:26:16.153759
Cell8,5800,C1ch,566.0789,2752.93,2.7419,4.2001,39.955,2754,2016-03-25 19:48:45.722228
Cell8,5800,C1dc,592.0146,2881.04,4.1852,2.7,40.406,2883,2016-03-25 19:00:44.633862
Cell8,5800,OCVch,603.0882,54243.96,2.7027,4.2,39.619,10850,2016-03-26 20:31:27.127215
Cell8,5800,OCVdc,601.1488,54147.26,4.1884,2.7001,39.691,10831,2016-03-26 05:28:59.812765
Cell8,5900,C1ch,563.7302,2741.57,2.7421,4.2,39.916,2743,2016-04-01 16:42:44.368837
Cell8,5900,C1dc,590.4843,2873.59,4.1868,2.7,40.348,2875,2016-04-01 15:54:50.726156
Cell8,5900,OCVch,601.4508,54093.48,2.7025,4.1999,39.647,10820,2016-04-02 17:23:12.394503
Cell8,5900,OCVdc,599.7334,54020.48,4.1889,2.7002,39.687,10805,2016-04-02 02:22:51.866712
Cell8,6000,C1ch,561.6041,2731.23,2.7423,4.1999,39.947,2733,2016-04-08 13:31:53.488984
Cell8,6000,C1dc,588.5824,2864.44,4.1865,2.6999,40.397,2866,2016-04-08 12:44:08.994875
Cell8,6000,OCVch,599.8008,53949.15,2.7025,4.2001,39.602,10791,2016-04-09 14:09:52.835925
Cell8,6000,OCVdc,598.0827,53869.55,4.1887,2.7,39.652,10775,2016-04-08 23:12:03.235187
Cell8,6100,C1ch,558.1351,2714.24,2.7425,4.1999,39.973,2716,2016-04-16 15:12:56.115233
Cell8,6100,C1dc,585.2882,2848.35,4.1838,2.6999,40.421,2850,2016-04-16 14:25:27.713865
Cell8,6100,OCVch,598.5265,53830.35,2.7028,4.1998,39.638,10768,2016-04-17 15:48:51.009127
Cell8,6100,OCVdc,596.2023,53702.14,4.1875,2.7001,39.681,10742,2016-04-17 00:53:48.819169
Cell8,6200,C1ch,557.8314,2712.88,2.7425,4.2001,39.938,2714,2016-04-23 11:52:49.543775
Cell8,6200,C1dc,585.132,2847.6,4.1863,2.7,40.377,2849,2016-04-23 11:05:21.889849
Cell8,6200,OCVch,596.4682,53651.4,2.7025,4.1997,39.584,10731,2016-04-24 12:25:45.537785
Cell8,6200,OCVdc,594.6947,53563.15,4.1883,2.7,39.641,10714,2016-04-23 21:33:02.338232
Cell8,6300,C1ch,555.7578,2702.84,2.7427,4.1998,39.937,2704,2016-04-30 08:26:54.901001
Cell8,6300,C1dc,583.2241,2838.32,4.186,2.7001,40.394,2840,2016-04-30 07:39:36.528667
Cell8,6300,OCVch,594.9401,53512.35,2.7027,4.2,39.596,10704,2016-05-01 08:57:35.383172
Cell8,6300,OCVdc,593.1289,53423.55,4.1882,2.7002,39.661,10686,2016-04-30 18:07:11.781192
Cell8,6400,C1ch,551.9028,2683.82,2.7429,4.1999,40.004,2685,2016-05-09 12:12:02.476226
Cell8,6400,C1dc,579.871,2822.04,4.1828,2.7001,40.454,2824,2016-05-09 11:25:00.384060
Cell8,6400,OCVch,594.0484,53421.47,2.7027,4.1997,39.677,10686,2016-05-10 12:41:15.942404
Cell8,6400,OCVdc,591.4859,53282.25,4.1869,2.7,39.722,10658,2016-05-09 21:53:13.640171
Cell8,6500,C1ch,552.7638,2688.25,2.7431,4.1998,40.248,2690,2016-05-16 08:38:03.202495
Cell8,6500,C1dc,580.3409,2824.26,4.1857,2.7,40.682,2826,2016-05-16 07:50:58.887740
Cell8,6500,OCVch,591.9357,53238.95,2.7028,4.1998,39.947,10649,2016-05-17 09:03:59.034823
Cell8,6500,OCVdc,590.0288,53145.84,4.1878,2.7002,39.988,10630,2016-05-16 18:18:13.146153
Cell8,6600,C1ch,550.8278,2678.79,2.743,4.1998,40.279,2680,2016-05-23 04:57:50.752706
Cell8,6600,C1dc,578.5534,2815.59,4.1855,2.7,40.748,2817,2016-05-23 04:10:55.116329
Cell8,6600,OCVch,590.5174,53107.06,2.7027,4.1998,39.949,10623,2016-05-24 05:21:43.152853
Cell8,6600,OCVdc,588.5799,53017.77,4.188,2.7,39.988,10605,2016-05-23 14:38:05.336903
Cell8,6700,C1ch,551.0345,2679.64,2.743,4.2001,40.281,2681,2016-06-09 12:19:18.475833
Cell8,6700,C1dc,578.0345,2813.05,4.1842,2.7002,40.717,2815,2016-06-09 11:32:25.375058
Cell8,6700,OCVch,589.7754,53037.15,2.7024,4.2,39.959,10609,2016-06-10 12:40:53.571685
Cell8,6700,OCVdc,587.2461,52899.22,4.1871,2.7002,40.002,10581,2016-06-09 21:59:14.304570
Cell8,6800,C1ch,550.2695,2676.06,2.7432,4.1998,40.297,2678,2016-06-16 08:31:11.867561
Cell8,6800,C1dc,577.7143,2811.5,4.1859,2.7003,40.743,2813,2016-06-16 07:44:20.314193
Cell8,6800,OCVch,587.6575,52850.03,2.7029,4.1998,39.981,10571,2016-06-17 08:50:21.101390
Cell8,6800,OCVdc,585.7938,52765.91,4.1884,2.7001,40.023,10554,2016-06-16 18:10:55.137464
Cell8,6900,C1ch,548.694,2668.32,2.7435,4.1999,40.317,2670,2016-06-23 04:37:35.839471
Cell8,6900,C1dc,576.4201,2805.3,4.1859,2.6999,40.799,2807,2016-06-23 03:50:50.488081
Cell8,6900,OCVch,586.7415,52768.63,2.7025,4.1999,39.986,10555,2016-06-24 04:55:29.096936
Cell8,6900,OCVdc,584.836,52680.83,4.1881,2.7001,40.02,10537,2016-06-23 14:17:28.216104
Cell8,7000,C1ch,544.4566,2647.77,2.7441,4.2001,40.314,2649,2016-07-04 17:30:29.431239
Cell8,7000,C1dc,573.0211,2788.55,4.1832,2.7001,40.757,2790,2016-07-04 16:44:00.831267
Cell8,7000,OCVch,585.6616,52672.82,2.7026,4.1998,39.974,10536,2016-07-05 17:46:43.448799
Cell8,7000,OCVdc,583.1738,52527.68,4.1865,2.6999,40.009,10507,2016-07-05 03:11:15.721169
Cell8,7100,C1ch,544.6286,2648.51,2.744,4.1999,40.325,2650,2016-07-11 14:49:45.870249
Cell8,7100,C1dc,574.6346,2796.6,4.1891,2.7001,40.798,2798,2016-07-11 14:03:09.220492
Cell8,7100,OCVch,583.5318,52479.12,2.7027,4.2002,39.979,10497,2016-07-12 15:03:23.826364
Cell8,7100,OCVdc,581.8738,52413.28,4.1885,2.7,40.021,10484,2016-07-12 00:29:50.497178
Cell8,7200,C1ch,542.8826,2640.01,2.7444,4.1999,40.329,2642,2016-07-18 10:44:20.656537
Cell8,7200,C1dc,571.4524,2781.09,4.1853,2.6998,40.739,2783,2016-07-18 09:57:59.512529
Cell8,7200,OCVch,582.2772,52355.79,2.7026,4.1999,39.951,10472,2016-07-19 10:55:54.562912
Cell8,7200,OCVdc,580.2902,52276.0,4.1879,2.7003,39.988,10456,2016-07-18 20:24:38.514193
Cell8,7300,C1ch,540.8781,2630.39,2.7447,4.1996,40.323,2632,2016-07-25 06:34:19.447198
Cell8,7300,C1dc,569.8082,2773.12,4.185,2.7,40.795,2775,2016-07-25 05:48:06.279761
Cell8,7300,OCVch,580.961,52249.85,2.7028,4.1998,39.979,10451,2016-07-26 06:44:03.502761
Cell8,7300,OCVdc,579.0213,52155.7,4.1876,2.7001,40.016,10432,2016-07-25 16:14:47.751770
Cell8,7400,C1ch,538.4962,2618.75,2.7451,4.2,40.175,2620,2016-08-01 11:43:17.941826
Cell8,7400,C1dc,567.5663,2762.09,4.1822,2.6999,40.601,2764,2016-08-01 10:57:15.802061
Cell8,7400,OCVch,580.1437,52175.23,2.7029,4.1998,39.826,10437,2016-08-02 11:52:00.281902
Cell8,7400,OCVdc,577.7881,52043.51,4.1869,2.7001,39.851,10410,2016-08-01 21:24:36.716965
Cell8,7500,C1ch,537.33,2613.15,2.7452,4.2,40.151,2615,2016-08-08 07:27:39.921570
Cell8,7500,C1dc,566.6573,2757.72,4.1843,2.7001,40.599,2759,2016-08-08 06:41:42.152542
Cell8,7500,OCVch,578.6719,52044.82,2.7027,4.2,39.814,10410,2016-08-09 07:34:07.399724
Cell8,7500,OCVdc,576.6697,51943.28,4.1873,2.6999,39.862,10390,2016-08-08 17:08:24.066390
Cell8,7600,C1ch,535.7571,2605.41,2.7454,4.2,40.171,2607,2016-08-15 03:07:45.577318
Cell8,7600,C1dc,565.3637,2751.46,4.1842,2.7003,40.643,2753,2016-08-15 02:21:54.063847
Cell8,7600,OCVch,577.5639,51940.4,2.7029,4.1999,39.82,10389,2016-08-16 03:12:34.730306
Cell8,7600,OCVdc,575.4747,51839.4,4.1873,2.7002,39.857,10369,2016-08-15 12:48:35.278062
Cell8,7700,C1ch,532.7684,2590.85,2.7458,4.2,40.172,2592,2016-08-22 16:57:46.117436
Cell8,7700,C1dc,562.9671,2739.69,4.1812,2.7,40.599,2741,2016-08-22 16:12:06.377067
Cell8,7700,OCVch,576.9905,51886.32,2.7027,4.1999,39.799,10379,2016-08-23 17:02:10.629369
Cell8,7700,OCVdc,574.4716,51746.72,4.1861,2.7002,39.838,10351,2016-08-23 02:39:43.862380
Cell8,7800,C1ch,532.5547,2589.86,2.746,4.1997,40.139,2591,2016-08-29 12:32:40.017653
Cell8,7800,C1dc,562.6005,2738.01,4.184,2.7001,40.574,2740,2016-08-29 11:47:01.953395
Cell8,7800,OCVch,575.1112,51717.23,2.7029,4.1998,39.8,10345,2016-08-30 12:33:55.317586
Cell8,7800,OCVdc,572.9825,51613.23,4.1869,2.7001,39.837,10324,2016-08-29 22:13:42.037853
Cell8,7900,C1ch,530.9246,2581.97,2.7459,4.2,40.159,2583,2016-09-05 08:01:56.046045
Cell8,7900,C1dc,561.1111,2730.73,4.1838,2.6999,40.624,2732,2016-09-05 07:16:25.269547
Cell8,7900,OCVch,573.7683,51599.68,2.7028,4.2001,39.801,10321,2016-09-06 08:01:10.657305
Cell8,7900,OCVdc,571.6436,51491.56,4.187,2.7001,39.84,10299,2016-09-05 17:42:59.046163
Cell8,8000,C1ch,526.7269,2561.35,2.7469,4.2,40.178,2563,2016-09-13 15:41:42.345631
Cell8,8000,C1dc,558.1611,2716.43,4.1804,2.7,40.603,2718,2016-09-13 14:56:25.869458
Cell8,8000,OCVch,573.6296,51580.9,2.7029,4.1998,39.803,10318,2016-09-14 15:41:25.151427
Cell8,8000,OCVdc,570.8964,51427.68,4.1855,2.7,39.839,10287,2016-09-14 01:24:17.421965
Cell8,8100,C1ch,528.3893,2569.68,2.7464,4.1999,40.133,2571,2016-09-20 11:07:08.186335
Cell8,8100,C1dc,558.9581,2720.2,4.1834,2.7001,40.564,2722,2016-09-20 10:21:47.933468
Cell8,8100,OCVch,571.5237,51401.22,2.703,4.1997,39.786,10281,2016-09-21 11:03:07.082463
Cell8,8100,OCVdc,569.3527,51283.44,4.1869,2.7,39.828,10258,2016-09-20 20:48:23.589525
